,Year,Country / territory of asylum/residence,F: Total,M: Total
0,2001,Afghanistan,590907.0,625723.0
1,2001,Albania,157.0,188.0
2,2001,Algeria,76106.0,79324.0
3,2001,Angola,6387.0,5863.0
4,2001,Argentina,337.0,611.0
5,2001,Armenia,143292.0,121045.0
6,2001,Azerbaijan,3509.0,3402.0
7,2001,Bahrain,1.0,0.0
8,2001,Bangladesh,11351.0,10822.0
9,2001,Belarus,361.0,563.0
10,2001,Belize,396.0,478.0
11,2001,Benin,2152.0,2873.0
12,2001,Bolivia (Plurinational State of),4.0,4.0
13,2001,Botswana,1330.0,2251.0
14,2001,Burundi,19904.0,15986.0
15,2001,Cambodia,262.0,839.0
16,2001,Cameroon,2362.0,1985.0
17,2001,Central African Rep.,22135.0,27104.0
18,2001,Chile,115.0,135.0
19,2001,China,140776.0,154495.0
20,2001,"China, Hong Kong SAR",28.0,491.0
21,2001,Colombia,100.0,127.0
22,2001,Congo,5661.0,6491.0
23,2001,Croatia,16.0,48.0
24,2001,Cuba,28.0,49.0
25,2001,Czech Rep.,145.0,145.0
26,2001,Côte d'Ivoire,69603.0,58953.0
27,2001,Dem. Rep. of the Congo,70601.0,67640.0
28,2001,Djibouti,13144.0,10032.0
29,2001,Egypt,8267.0,14618.0
30,2001,El Salvador,30.0,44.0
31,2001,Eritrea,983.0,1289.0
32,2001,Estonia,8.0,23.0
33,2001,Ethiopia,71407.0,73826.0
34,2001,Gabon,8362.0,10855.0
35,2001,Gambia,602.0,795.0
36,2001,Georgia,144321.0,116569.0
37,2001,Ghana,5579.0,6213.0
38,2001,Greece,770.0,1659.0
39,2001,Guatemala,367.0,371.0
40,2001,Guinea,55477.0,56225.0
41,2001,Guinea-Bissau,3962.0,3741.0
42,2001,Honduras,6.0,18.0
43,2001,India,6603.0,6543.0
44,2001,Indonesia,35365.0,38992.0
45,2001,Iraq,18047.0,18602.0
46,2001,Jordan,2655.0,3709.0
47,2001,Kenya,107724.0,131497.0
48,2001,Kuwait,654.0,681.0
49,2001,Kyrgyzstan,553.0,553.0
50,2001,Latvia,1.0,9.0
51,2001,Lebanon,971.0,1844.0
52,2001,Liberia,17344.0,16456.0
53,2001,Lithuania,108.0,219.0
54,2001,Malawi,2937.0,3263.0
55,2001,Malaysia,102.0,164.0
56,2001,Mali,2619.0,3496.0
57,2001,Mauritania,152.0,213.0
58,2001,Mexico,7164.0,7927.0
59,2001,Morocco,138.0,353.0
60,2001,Mozambique,1166.0,1959.0
61,2001,Namibia,10267.0,12161.0
62,2001,Nepal,49335.0,51483.0
63,2001,Nicaragua,151.0,195.0
64,2001,Niger,160.0,366.0
65,2001,Nigeria,2196.0,2136.0
66,2001,Oman,2.0,21.0
67,2001,Pakistan,799450.0,710514.0
68,2001,Panama,378.0,447.0
69,2001,Papua New Guinea,333.0,412.0
70,2001,Paraguay,15.0,18.0
71,2001,Peru,400.0,283.0
72,2001,Philippines,0.0,6.0
73,2001,Qatar,18.0,61.0
74,2001,Rep. of Moldova,108.0,164.0
75,2001,Romania,263.0,2100.0
76,2001,Rwanda,18638.0,16148.0
77,2001,Saudi Arabia,1844.0,3658.0
78,2001,Senegal,13052.0,10295.0
79,2001,Serbia and Kosovo (S/RES/1244 (1999)),327781.0,303686.0
80,2001,Singapore,1.0,3.0
81,2001,Slovenia,1017.0,650.0
82,2001,Somalia,295.0,354.0
83,2001,Sri Lanka,18.0,29.0
84,2001,Sudan,66860.0,63667.0
85,2001,Swaziland,80.0,73.0
86,2001,Syrian Arab Rep.,1534.0,1737.0
87,2001,Tajikistan,6260.0,8872.0
88,2001,Thailand,53513.0,57198.0
89,2001,The former Yugoslav Republic of Macedonia,9080.0,9117.0
90,2001,Togo,7205.0,5130.0
91,2001,Tunisia,43.0,54.0
92,2001,Turkey,2237.0,3290.0
93,2001,Turkmenistan,5480.0,8061.0
94,2001,Uganda,86974.0,93389.0
95,2001,Ukraine,546.0,1245.0
96,2001,United Rep. of Tanzania,342473.0,327609.0
97,2001,Uruguay,25.0,65.0
98,2001,Uzbekistan,1730.0,2104.0
99,2001,Venezuela (Bolivarian Republic of),23.0,36.0
100,2001,Viet Nam,1118.0,963.0
101,2001,Yemen,29996.0,27646.0
102,2001,Zambia,64921.0,79271.0
103,2001,Zimbabwe,395.0,996.0
104,2002,Afghanistan,1956247.0,2314237.0
105,2002,Albania,59.0,72.0
106,2002,Algeria,78183.0,77255.0
107,2002,Angola,6832.0,6346.0
108,2002,Armenia,103699.0,88349.0
109,2002,Azerbaijan,271741.0,240859.0
110,2002,Bahrain,0.0,1.0
111,2002,Bangladesh,11254.0,10771.0
112,2002,Belarus,351.0,556.0
113,2002,Belize,209.0,198.0
114,2002,Benin,563.0,910.0
115,2002,Bolivia (Plurinational State of),105.0,139.0
116,2002,Bosnia and Herzegovina,10162.0,9743.0
117,2002,Botswana,1095.0,1710.0
118,2002,Burundi,27152.0,22158.0
119,2002,Cambodia,103.0,178.0
120,2002,Cameroon,862.0,2035.0
121,2002,Central African Rep.,22813.0,27912.0
122,2002,Chad,628.0,827.0
123,2002,Chile,21.0,41.0
124,2002,China,140794.0,156422.0
125,2002,"China, Hong Kong SAR",60.0,244.0
126,2002,Colombia,94.0,123.0
127,2002,Congo,56787.0,55175.0
128,2002,Costa Rica,2311.0,2713.0
129,2002,Croatia,5.0,47.0
130,2002,Cuba,27.0,36.0
131,2002,Czech Rep.,222.0,183.0
132,2002,Côte d'Ivoire,19811.0,17907.0
133,2002,Dem. Rep. of the Congo,70904.0,72775.0
134,2002,Egypt,4374.0,6120.0
135,2002,El Salvador,34.0,48.0
136,2002,Eritrea,1506.0,2113.0
137,2002,Estonia,4.0,12.0
138,2002,Ethiopia,58865.0,65651.0
139,2002,Gabon,8566.0,10570.0
140,2002,Gambia,602.0,795.0
141,2002,Georgia,141217.0,114095.0
142,2002,Ghana,14302.0,15853.0
143,2002,Greece,625.0,3683.0
144,2002,Guatemala,376.0,367.0
145,2002,Guinea,74147.0,73100.0
146,2002,Guinea-Bissau,3957.0,3722.0
147,2002,Honduras,8.0,26.0
148,2002,India,38320.0,38194.0
149,2002,Indonesia,236.0,500.0
150,2002,Iran (Islamic Rep. of),2.0,2.0
151,2002,Iraq,16882.0,17288.0
152,2002,Jordan,2095.0,2892.0
153,2002,Kenya,106460.0,127211.0
154,2002,Kyrgyzstan,3723.0,3985.0
155,2002,Latvia,5.0,13.0
156,2002,Lebanon,1005.0,1816.0
157,2002,Liberia,24019.0,21684.0
158,2002,Libya,916.0,793.0
159,2002,Lithuania,224.0,345.0
160,2002,Malawi,6597.0,6637.0
161,2002,Malaysia,133.0,279.0
162,2002,Mali,4157.0,5459.0
163,2002,Mauritania,167.0,238.0
164,2002,Mexico,6042.0,6626.0
165,2002,Morocco,921.0,1324.0
166,2002,Mozambique,1167.0,1903.0
167,2002,Namibia,8305.0,8705.0
168,2002,Nepal,50099.0,52199.0
169,2002,Nicaragua,150.0,191.0
170,2002,Niger,146.0,194.0
171,2002,Nigeria,2209.0,2176.0
172,2002,Oman,2.0,23.0
173,2002,Pakistan,319.0,513.0
174,2002,Panama,729.0,844.0
175,2002,Papua New Guinea,345.0,399.0
176,2002,Paraguay,12.0,13.0
177,2002,Qatar,12.0,57.0
178,2002,Rwanda,18288.0,14151.0
179,2002,Saudi Arabia,1785.0,3427.0
180,2002,Senegal,12361.0,8896.0
181,2002,Serbia and Kosovo (S/RES/1244 (1999)),305749.0,283514.0
182,2002,Sierra Leone,26136.0,25292.0
183,2002,Singapore,1.0,3.0
184,2002,Slovenia,139.0,122.0
185,2002,Somalia,94.0,105.0
186,2002,South Africa,3173.0,4464.0
187,2002,Sri Lanka,15.0,26.0
188,2002,Sudan,53785.0,57563.0
189,2002,Swaziland,49.0,65.0
190,2002,Syrian Arab Rep.,1941.0,2365.0
191,2002,Tajikistan,1862.0,1671.0
192,2002,Thailand,54486.0,58128.0
193,2002,The former Yugoslav Republic of Macedonia,5861.0,5993.0
194,2002,Timor-Leste,0.0,5.0
195,2002,Togo,7239.0,5179.0
196,2002,Tunisia,43.0,59.0
197,2002,Turkey,1074.0,1354.0
198,2002,Turkmenistan,6423.0,7273.0
199,2002,Uganda,96870.0,100664.0
200,2002,Ukraine,527.0,1164.0
201,2002,United Rep. of Tanzania,353669.0,337869.0
202,2002,Uruguay,39.0,61.0
203,2002,Uzbekistan,22068.0,19317.0
204,2002,Venezuela (Bolivarian Republic of),451.0,568.0
205,2002,Viet Nam,1118.0,963.0
206,2002,Yemen,35949.0,35601.0
207,2002,Zambia,70146.0,68312.0
208,2002,Zimbabwe,448.0,1110.0
209,2003,Afghanistan,979612.0,1290653.0
210,2003,Albania,56.0,63.0
211,2003,Algeria,7.0,21.0
212,2003,Angola,7778.0,6610.0
213,2003,Armenia,100616.0,85730.0
214,2003,Azerbaijan,268830.0,239657.0
215,2003,Bahrain,0.0,1.0
216,2003,Bangladesh,10021.0,9779.0
217,2003,Belarus,365.0,563.0
218,2003,Belize,421.0,448.0
219,2003,Benin,609.0,1162.0
220,2003,Bolivia (Plurinational State of),152.0,202.0
221,2003,Botswana,1502.0,2415.0
222,2003,Burundi,29325.0,22178.0
223,2003,Cambodia,36.0,86.0
224,2003,Cameroon,8889.0,8094.0
225,2003,Central African Rep.,19794.0,24959.0
226,2003,Chad,82336.0,65029.0
227,2003,Chile,152.0,363.0
228,2003,China,142491.0,156906.0
229,2003,"China, Hong Kong SAR",58.0,230.0
230,2003,Colombia,80.0,119.0
231,2003,Congo,45516.0,45846.0
232,2003,Costa Rica,6119.0,7389.0
233,2003,Croatia,10.0,44.0
234,2003,Cuba,23.0,37.0
235,2003,Czech Rep.,222.0,192.0
236,2003,Côte d'Ivoire,40510.0,35461.0
237,2003,Dem. Rep. of the Congo,31899.0,30595.0
238,2003,Egypt,7277.0,11472.0
239,2003,El Salvador,116.0,136.0
240,2003,Eritrea,1720.0,2370.0
241,2003,Estonia,1.0,14.0
242,2003,Ethiopia,59348.0,67706.0
243,2003,Gabon,8542.0,10581.0
244,2003,Gambia,2428.0,5038.0
245,2003,Georgia,140250.0,113386.0
246,2003,Ghana,23944.0,24090.0
247,2003,Guatemala,362.0,355.0
248,2003,Guinea,84497.0,81237.0
249,2003,Guinea-Bissau,3963.0,3667.0
250,2003,Honduras,4.0,19.0
251,2003,India,5959.0,5534.0
252,2003,Indonesia,111.0,190.0
253,2003,Iran (Islamic Rep. of),13571.0,20899.0
254,2003,Iraq,23087.0,23634.0
255,2003,Jordan,2931.0,5005.0
256,2003,Kazakhstan,8.0,31.0
257,2003,Kenya,109176.0,131363.0
258,2003,Kuwait,50822.0,51886.0
259,2003,Kyrgyzstan,2811.0,3415.0
260,2003,Latvia,4.0,9.0
261,2003,Liberia,7392.0,6605.0
262,2003,Libya,4798.0,7157.0
263,2003,Malawi,5969.0,6083.0
264,2003,Malaysia,1639.0,5785.0
265,2003,Mali,4408.0,6313.0
266,2003,Mauritania,202.0,273.0
267,2003,Mexico,2512.0,3328.0
268,2003,Morocco,928.0,1370.0
269,2003,Namibia,6269.0,7117.0
270,2003,Nepal,50804.0,52896.0
271,2003,Nicaragua,143.0,167.0
272,2003,Niger,149.0,192.0
273,2003,Nigeria,3496.0,3796.0
274,2003,Oman,2.0,22.0
275,2003,Pakistan,6965.0,6320.0
276,2003,Panama,329.0,467.0
277,2003,Papua New Guinea,3744.0,4053.0
278,2003,Paraguay,14.0,18.0
279,2003,Qatar,26.0,70.0
280,2003,Rep. of Korea,34.0,130.0
281,2003,Rep. of Moldova,63.0,179.0
282,2003,Rwanda,21266.0,18357.0
283,2003,Saudi Arabia,321.0,607.0
284,2003,Senegal,13017.0,9974.0
285,2003,Serbia and Kosovo (S/RES/1244 (1999)),268610.0,247670.0
286,2003,Sierra Leone,28379.0,27263.0
287,2003,Singapore,3.0,0.0
288,2003,Slovenia,616.0,652.0
289,2003,Somalia,179.0,189.0
290,2003,South Africa,23607.0,87036.0
291,2003,Sri Lanka,195155.0,190985.0
292,2003,Sudan,48332.0,52464.0
293,2003,Swaziland,34.0,52.0
294,2003,Syrian Arab Rep.,1741.0,1940.0
295,2003,Tajikistan,1817.0,1504.0
296,2003,Thailand,57614.0,61439.0
297,2003,The former Yugoslav Republic of Macedonia,4.0,5.0
298,2003,Timor-Leste,1.0,14.0
299,2003,Togo,7348.0,5389.0
300,2003,Tunisia,42.0,57.0
301,2003,Turkey,2296.0,3073.0
302,2003,Turkmenistan,6353.0,7166.0
303,2003,Uganda,101643.0,109014.0
304,2003,Ukraine,183.0,781.0
305,2003,United Rep. of Tanzania,240064.0,239706.0
306,2003,Uruguay,32.0,68.0
307,2003,Uzbekistan,21958.0,19215.0
308,2003,Venezuela (Bolivarian Republic of),1084.0,1207.0
309,2003,Viet Nam,1228.0,1132.0
310,2003,Yemen,25501.0,25143.0
311,2003,Zambia,65727.0,63785.0
312,2003,Zimbabwe,781.0,1620.0
313,2004,Afghanistan,2858003.0,3186537.0
314,2004,Albania,33.0,54.0
315,2004,Algeria,11.0,32.0
316,2004,Angola,54879.0,50253.0
317,2004,Armenia,99310.0,84616.0
318,2004,Azerbaijan,271559.0,243401.0
319,2004,Bahrain,2.0,4.0
320,2004,Bangladesh,10336.0,10140.0
321,2004,Belarus,399.0,598.0
322,2004,Belize,347.0,415.0
323,2004,Benin,753.0,1295.0
324,2004,Bolivia (Plurinational State of),234.0,312.0
325,2004,Botswana,1504.0,2369.0
326,2004,Burundi,32789.0,27872.0
327,2004,Cambodia,24.0,66.0
328,2004,Cameroon,8846.0,7840.0
329,2004,Central African Rep.,13318.0,14450.0
330,2004,Chad,130707.0,98945.0
331,2004,Chile,198.0,456.0
332,2004,China,30.0,105.0
333,2004,"China, Hong Kong SAR",18.0,36.0
334,2004,Colombia,62.0,110.0
335,2004,Congo,34216.0,34316.0
336,2004,Costa Rica,4674.0,5739.0
337,2004,Croatia,7.0,22.0
338,2004,Cuba,15.0,30.0
339,2004,Czech Rep.,461.0,613.0
340,2004,Côte d'Ivoire,38789.0,35125.0
341,2004,Dem. Rep. of the Congo,20119.0,19099.0
342,2004,Egypt,10486.0,18609.0
343,2004,El Salvador,110.0,126.0
344,2004,Eritrea,1999.0,2719.0
345,2004,Estonia,2.0,15.0
346,2004,Ethiopia,53903.0,62084.0
347,2004,Gabon,8109.0,10517.0
348,2004,Gambia,3826.0,4119.0
349,2004,Georgia,1296.0,1247.0
350,2004,Ghana,23644.0,24419.0
351,2004,Guatemala,339.0,321.0
352,2004,Guinea,71451.0,74118.0
353,2004,Guinea-Bissau,6356.0,6321.0
354,2004,Honduras,3.0,40.0
355,2004,India,5807.0,5264.0
356,2004,Indonesia,72.0,155.0
357,2004,Iran (Islamic Rep. of),14809.0,24179.0
358,2004,Iraq,19923.0,20271.0
359,2004,Jordan,4682.0,8871.0
360,2004,Kazakhstan,300.0,423.0
361,2004,Kenya,113012.0,135994.0
362,2004,Kuwait,50795.0,51881.0
363,2004,Kyrgyzstan,1942.0,2267.0
364,2004,Latvia,2.0,5.0
365,2004,Liberia,1586.0,1801.0
366,2004,Libya,4993.0,7373.0
367,2004,Malawi,3169.0,3846.0
368,2004,Malaysia,7800.0,27333.0
369,2004,Mali,4952.0,7389.0
370,2004,Mauritania,193.0,280.0
371,2004,Mexico,1129.0,1881.0
372,2004,Morocco,928.0,1370.0
373,2004,Mozambique,2006.0,2499.0
374,2004,Namibia,3752.0,4745.0
375,2004,Nepal,51436.0,53700.0
376,2004,Nicaragua,174.0,119.0
377,2004,Niger,169.0,216.0
378,2004,Nigeria,2996.0,3437.0
379,2004,Oman,6.0,25.0
380,2004,Pakistan,508868.0,452741.0
381,2004,Panama,32.0,25.0
382,2004,Papua New Guinea,1292.0,1393.0
383,2004,Paraguay,18.0,29.0
384,2004,Qatar,9.0,61.0
385,2004,Rep. of Korea,93.0,198.0
386,2004,Rep. of Moldova,50.0,191.0
387,2004,Russian Federation,758.0,1222.0
388,2004,Rwanda,28661.0,24808.0
389,2004,Saudi Arabia,217.0,498.0
390,2004,Senegal,12887.0,10329.0
391,2004,Serbia and Kosovo (S/RES/1244 (1999)),312207.0,295648.0
392,2004,Sierra Leone,63344.0,56615.0
393,2004,Singapore,1.0,3.0
394,2004,Slovenia,265.0,362.0
395,2004,Somalia,173.0,184.0
396,2004,Sri Lanka,178160.0,174325.0
397,2004,Sudan,48908.0,56054.0
398,2004,Swaziland,34.0,52.0
399,2004,Syrian Arab Rep.,7469.0,9770.0
400,2004,Thailand,59192.0,62996.0
401,2004,The former Yugoslav Republic of Macedonia,1142.0,1100.0
402,2004,Togo,781.0,1023.0
403,2004,Tunisia,38.0,72.0
404,2004,Turkey,2566.0,3487.0
405,2004,Turkmenistan,6249.0,7011.0
406,2004,Uganda,112497.0,119574.0
407,2004,United Rep. of Tanzania,203214.0,200640.0
408,2004,Uruguay,32.0,75.0
409,2004,Uzbekistan,21668.0,18818.0
410,2004,Venezuela (Bolivarian Republic of),2144.0,2469.0
411,2004,Viet Nam,1228.0,1132.0
412,2004,Yemen,25357.0,24936.0
413,2004,Zambia,47297.0,46679.0
414,2004,Zimbabwe,478.0,1090.0
415,2005,Afghanistan,3111728.0,3315368.0
416,2005,Albania,31.0,60.0
417,2005,Algeria,81.0,321.0
418,2005,Angola,7926.0,6943.0
419,2005,Argentina,1371.0,2528.0
420,2005,Armenia,125124.0,94496.0
421,2005,Azerbaijan,268441.0,240447.0
422,2005,Bahrain,5.0,10.0
423,2005,Bangladesh,10699.0,10457.0
424,2005,Belarus,387.0,594.0
425,2005,Belize,276.0,362.0
426,2005,Benin,9029.0,12189.0
427,2005,Bolivia (Plurinational State of),155.0,210.0
428,2005,Bosnia and Herzegovina,823.0,807.0
429,2005,Botswana,1068.0,2040.0
430,2005,Brazil,872.0,2586.0
431,2005,Bulgaria,63.0,759.0
432,2005,Burkina Faso,496.0,665.0
433,2005,Burundi,4834.0,4379.0
434,2005,Cambodia,16.0,39.0
435,2005,Cameroon,5108.0,4598.0
436,2005,Central African Rep.,13026.0,13503.0
437,2005,Chad,138182.0,105331.0
438,2005,Chile,344.0,569.0
439,2005,China,143963.0,157162.0
440,2005,"China, Hong Kong SAR",967.0,2064.0
441,2005,Colombia,67.0,130.0
442,2005,Congo,32930.0,33145.0
443,2005,Croatia,4.0,10.0
444,2005,Cuba,17.0,32.0
445,2005,Czech Rep.,388.0,618.0
446,2005,Côte d'Ivoire,43046.0,39063.0
447,2005,Dem. Rep. of the Congo,40829.0,38290.0
448,2005,Djibouti,4.0,15.0
449,2005,Ecuador,144.0,161.0
450,2005,Egypt,11113.0,18934.0
451,2005,El Salvador,16.0,34.0
452,2005,Eritrea,2635.0,3405.0
453,2005,Estonia,0.0,15.0
454,2005,Ethiopia,48395.0,52631.0
455,2005,Gabon,5645.0,7129.0
456,2005,Gambia,4297.0,3635.0
457,2005,Georgia,1255.0,1250.0
458,2005,Ghana,29299.0,29734.0
459,2005,Guatemala,223.0,171.0
460,2005,Guinea,35458.0,31875.0
461,2005,Guinea-Bissau,3975.0,3807.0
462,2005,Honduras,3.0,69.0
463,2005,Hungary,131.0,385.0
464,2005,India,6053.0,5606.0
465,2005,Indonesia,100.0,293.0
466,2005,Iran (Islamic Rep. of),12019.0,19568.0
467,2005,Iraq,20175.0,20741.0
468,2005,Jordan,6460.0,11084.0
469,2005,Kazakhstan,376.0,508.0
470,2005,Kenya,120079.0,147652.0
471,2005,Kuwait,50779.0,51944.0
472,2005,Kyrgyzstan,1415.0,1681.0
473,2005,Latvia,3.0,13.0
474,2005,Liberia,4758.0,5474.0
475,2005,Malawi,4363.0,5208.0
476,2005,Malaysia,10751.0,34015.0
477,2005,Mali,5188.0,7845.0
478,2005,Mauritania,258.0,466.0
479,2005,Mexico,1339.0,2051.0
480,2005,Mongolia,0.0,2.0
481,2005,Morocco,3.0,1.0
482,2005,Mozambique,2619.0,3330.0
483,2005,Namibia,2937.0,3269.0
484,2005,Nepal,52359.0,55090.0
485,2005,Nicaragua,136.0,92.0
486,2005,Niger,153.0,196.0
487,2005,Nigeria,4297.0,5142.0
488,2005,Oman,4.0,7.0
489,2005,Pakistan,363.0,756.0
490,2005,Panama,451.0,450.0
491,2005,Papua New Guinea,1205.0,1294.0
492,2005,Paraguay,23.0,35.0
493,2005,Peru,435.0,749.0
494,2005,Qatar,13.0,61.0
495,2005,Rep. of Korea,140.0,448.0
496,2005,Rep. of Moldova,45.0,187.0
497,2005,Romania,59.0,306.0
498,2005,Russian Federation,368.0,509.0
499,2005,Rwanda,26891.0,22616.0
500,2005,Saudi Arabia,253.0,645.0
501,2005,Senegal,12891.0,10450.0
502,2005,Serbia and Kosovo (S/RES/1244 (1999)),243480.0,238609.0
503,2005,Sierra Leone,30546.0,29588.0
504,2005,Singapore,2.0,2.0
505,2005,Slovenia,186.0,250.0
506,2005,Somalia,231.0,262.0
507,2005,Sri Lanka,164199.0,160727.0
508,2005,Sudan,46626.0,48747.0
509,2005,Swaziland,39.0,52.0
510,2005,Syrian Arab Rep.,13674.0,16350.0
511,2005,Tajikistan,630.0,428.0
512,2005,Thailand,64543.0,64142.0
513,2005,The former Yugoslav Republic of Macedonia,452.0,451.0
514,2005,Timor-Leste,1.0,12.0
515,2005,Togo,722.0,987.0
516,2005,Tunisia,34.0,79.0
517,2005,Turkey,3053.0,3984.0
518,2005,Turkmenistan,6029.0,5936.0
519,2005,Uganda,104178.0,104302.0
520,2005,United Rep. of Tanzania,174629.0,175961.0
521,2005,Uruguay,40.0,90.0
522,2005,Uzbekistan,21518.0,18648.0
523,2005,Venezuela (Bolivarian Republic of),2944.0,3401.0
524,2005,Viet Nam,1228.0,1129.0
525,2005,Yemen,23986.0,24376.0
526,2005,Zambia,36959.0,38504.0
527,2006,Afghanistan,2289028.0,2668110.0
528,2006,Albania,30.0,62.0
529,2006,Algeria,28.0,147.0
530,2006,Angola,32842.0,27074.0
531,2006,Argentina,1415.0,2610.0
532,2006,Armenia,58042.0,55750.0
533,2006,Azerbaijan,362636.0,321891.0
534,2006,Bahrain,7.0,11.0
535,2006,Bangladesh,13679.0,12711.0
536,2006,Belarus,373.0,520.0
537,2006,Belize,76.0,97.0
538,2006,Benin,4935.0,7211.0
539,2006,Bolivia (Plurinational State of),164.0,251.0
540,2006,Bosnia and Herzegovina,78092.0,73420.0
541,2006,Botswana,1089.0,2156.0
542,2006,Bulgaria,60.0,579.0
543,2006,Burkina Faso,479.0,788.0
544,2006,Burundi,10232.0,9775.0
545,2006,Cambodia,100.0,195.0
546,2006,Cameroon,18357.0,20887.0
547,2006,Central African Rep.,80194.0,81090.0
548,2006,Chad,105895.0,79865.0
549,2006,Chile,599.0,873.0
550,2006,China,81.0,153.0
551,2006,"China, Hong Kong SAR",1053.0,3294.0
552,2006,Colombia,72.0,148.0
553,2006,Congo,27794.0,27936.0
554,2006,Costa Rica,257.0,518.0
555,2006,Croatia,4.0,6.0
556,2006,Cuba,28.0,666.0
557,2006,Czech Rep.,76.0,101.0
558,2006,Côte d'Ivoire,383234.0,355744.0
559,2006,Dem. Rep. of the Congo,97211.0,89255.0
560,2006,Djibouti,5.0,11.0
561,2006,Egypt,46610.0,57857.0
562,2006,El Salvador,11.0,28.0
563,2006,Eritrea,2942.0,3715.0
564,2006,Estonia,2.0,5.0
565,2006,Ethiopia,45712.0,51591.0
566,2006,Fiji,0.0,2.0
567,2006,Gabon,5588.0,6968.0
568,2006,Georgia,8.0,11.0
569,2006,Ghana,25189.0,25346.0
570,2006,Greece,229.0,2727.0
571,2006,Guatemala,213.0,172.0
572,2006,Guinea,17578.0,17777.0
573,2006,Guinea-Bissau,4081.0,4040.0
574,2006,Honduras,3.0,19.0
575,2006,Hungary,13.0,51.0
576,2006,India,40272.0,41578.0
577,2006,Indonesia,89.0,477.0
578,2006,Iran (Islamic Rep. of),13067.0,19453.0
579,2006,Iraq,22894.0,23692.0
580,2006,Jordan,7763.0,12422.0
581,2006,Kazakhstan,336.0,453.0
582,2006,Kenya,131865.0,159181.0
583,2006,Kuwait,256.0,319.0
584,2006,Kyrgyzstan,5985.0,5955.0
585,2006,Latvia,5.0,19.0
586,2006,Liberia,181599.0,180287.0
587,2006,Libya,1821.0,2933.0
588,2006,Liechtenstein,11.0,14.0
589,2006,Malawi,4045.0,5143.0
590,2006,Malaysia,12204.0,34152.0
591,2006,Mali,4954.0,7515.0
592,2006,Mauritania,286.0,575.0
593,2006,Mexico,1379.0,2076.0
594,2006,Micronesia (Federated States of),0.0,2.0
595,2006,Mongolia,3.0,4.0
596,2006,Montenegro,12156.0,10976.0
597,2006,Mozambique,3006.0,3868.0
598,2006,Namibia,3047.0,3439.0
599,2006,Nepal,52971.0,55576.0
600,2006,Nicaragua,126.0,82.0
601,2006,Niger,149.0,188.0
602,2006,Nigeria,4103.0,5341.0
603,2006,Oman,4.0,10.0
604,2006,Pakistan,520497.0,524556.0
605,2006,Panama,6970.0,8621.0
606,2006,Papua New Guinea,1307.0,1378.0
607,2006,Paraguay,23.0,38.0
608,2006,Philippines,13.0,92.0
609,2006,Qatar,17.0,64.0
610,2006,Rep. of Korea,153.0,557.0
611,2006,Rep. of Moldova,52.0,187.0
612,2006,Romania,80.0,303.0
613,2006,Rwanda,30797.0,24461.0
614,2006,Saudi Arabia,383.0,651.0
615,2006,Senegal,12837.0,10388.0
616,2006,Serbia and Kosovo (S/RES/1244 (1999)),208217.0,204808.0
617,2006,Sierra Leone,14026.0,13567.0
618,2006,Singapore,2.0,9.0
619,2006,Slovakia,5.0,3.0
620,2006,Slovenia,170.0,463.0
621,2006,Somalia,889.0,1442.0
622,2006,Sri Lanka,282577.0,271541.0
623,2006,Sudan,76233.0,74349.0
624,2006,Swaziland,39.0,52.0
625,2006,Syrian Arab Rep.,22961.0,26686.0
626,2006,Tajikistan,415.0,439.0
627,2006,Thailand,73493.0,78336.0
628,2006,The former Yugoslav Republic of Macedonia,957.0,967.0
629,2006,Timor-Leste,1.0,5.0
630,2006,Togo,1899.0,2086.0
631,2006,Tunisia,43.0,118.0
632,2006,Turkey,3637.0,4877.0
633,2006,Turkmenistan,368.0,383.0
634,2006,Uganda,113232.0,114907.0
635,2006,United Arab Emirates,89.0,117.0
636,2006,United Rep. of Tanzania,147690.0,139751.0
637,2006,Uruguay,50.0,103.0
638,2006,Venezuela (Bolivarian Republic of),3634.0,4120.0
639,2006,Viet Nam,4845.0,4775.0
640,2006,Yemen,24404.0,25285.0
641,2006,Zambia,33388.0,31302.0
642,2006,Zimbabwe,1548.0,1971.0
643,2007,Afghanistan,3153817.0,3465382.0
644,2007,Albania,40.0,59.0
645,2007,Angola,13232.0,12673.0
646,2007,Argentina,1526.0,2824.0
647,2007,Armenia,2482.0,2182.0
648,2007,Azerbaijan,1364.0,1490.0
649,2007,Bahrain,11.0,24.0
650,2007,Bangladesh,14246.0,13380.0
651,2007,Belarus,318.0,457.0
652,2007,Belize,135.0,225.0
653,2007,Benin,3441.0,4716.0
654,2007,Bolivia (Plurinational State of),198.0,370.0
655,2007,Bosnia and Herzegovina,75481.0,71075.0
656,2007,Bulgaria,108.0,867.0
657,2007,Burkina Faso,416.0,717.0
658,2007,Burundi,15861.0,16153.0
659,2007,Cambodia,141.0,277.0
660,2007,Cameroon,30934.0,31360.0
661,2007,Central African Rep.,89754.0,91767.0
662,2007,Chad,156938.0,122093.0
663,2007,China,84.0,169.0
664,2007,"China, Hong Kong SAR",347.0,1674.0
665,2007,Colombia,72.0,150.0
666,2007,Congo,19210.0,19262.0
667,2007,Croatia,15.0,39.0
668,2007,Cuba,20.0,609.0
669,2007,Czech Rep.,367.0,596.0
670,2007,Côte d'Ivoire,381031.0,354647.0
671,2007,Dem. Rep. of the Congo,100507.0,95465.0
672,2007,Djibouti,3413.0,3238.0
673,2007,Egypt,50915.0,61600.0
674,2007,El Salvador,11.0,33.0
675,2007,Eritrea,3119.0,3942.0
676,2007,Estonia,0.0,3.0
677,2007,Ethiopia,39611.0,45757.0
678,2007,Fiji,0.0,1.0
679,2007,Gabon,5749.0,7337.0
680,2007,Gambia,3641.0,2757.0
681,2007,Georgia,9.0,12.0
682,2007,Ghana,18413.0,16989.0
683,2007,Guatemala,212.0,169.0
684,2007,Guinea,14240.0,15011.0
685,2007,Guinea-Bissau,4113.0,4090.0
686,2007,Haiti,0.0,2.0
687,2007,Honduras,3.0,40.0
688,2007,India,42811.0,43958.0
689,2007,Indonesia,119.0,407.0
690,2007,Iraq,22154.0,22613.0
691,2007,Kazakhstan,4173.0,4346.0
692,2007,Kenya,124976.0,146518.0
693,2007,Kuwait,376.0,484.0
694,2007,Kyrgyzstan,5408.0,5405.0
695,2007,Latvia,8.0,37.0
696,2007,Liberia,25637.0,25098.0
697,2007,Lithuania,145.0,137.0
698,2007,Malawi,4437.0,5274.0
699,2007,Malaysia,11656.0,27854.0
700,2007,Mali,4346.0,6767.0
701,2007,Malta,316.0,3505.0
702,2007,Mauritania,349.0,647.0
703,2007,Mexico,643.0,1022.0
704,2007,Micronesia (Federated States of),0.0,2.0
705,2007,Mongolia,2.0,6.0
706,2007,Montenegro,13009.0,11676.0
707,2007,Morocco,443.0,1014.0
708,2007,Mozambique,3033.0,3895.0
709,2007,Myanmar,343045.0,343132.0
710,2007,Namibia,3536.0,4247.0
711,2007,Nepal,53847.0,55814.0
712,2007,Nicaragua,123.0,86.0
713,2007,Niger,154.0,184.0
714,2007,Nigeria,3852.0,5308.0
715,2007,Oman,20.0,28.0
716,2007,Pakistan,950402.0,1085229.0
717,2007,Panama,1056.0,1366.0
718,2007,Papua New Guinea,1197.0,1315.0
719,2007,Paraguay,31.0,45.0
720,2007,Philippines,13.0,124.0
721,2007,Qatar,22.0,68.0
722,2007,Rep. of Korea,239.0,1034.0
723,2007,Russian Federation,1043.0,1850.0
724,2007,Rwanda,35671.0,28093.0
725,2007,Saint Lucia,0.0,3.0
726,2007,Saudi Arabia,382.0,637.0
727,2007,Senegal,12733.0,10226.0
728,2007,Serbia and Kosovo (S/RES/1244 (1999)),164741.0,162112.0
729,2007,Sierra Leone,4370.0,4654.0
730,2007,Singapore,4.0,30.0
731,2007,Slovakia,6.0,7.0
732,2007,Slovenia,74.0,340.0
733,2007,Somalia,512587.0,490493.0
734,2007,Sri Lanka,226137.0,219573.0
735,2007,Sudan,805439.0,802678.0
736,2007,Swaziland,37.0,54.0
737,2007,Syrian Arab Rep.,464.0,501.0
738,2007,Tajikistan,2.0,5.0
739,2007,Thailand,67334.0,71793.0
740,2007,The former Yugoslav Republic of Macedonia,939.0,921.0
741,2007,Timor-Leste,0.0,5.0
742,2007,Togo,2386.0,2471.0
743,2007,Trinidad and Tobago,8.0,117.0
744,2007,Tunisia,47.0,108.0
745,2007,Turkey,5126.0,7143.0
746,2007,Turkmenistan,74.0,67.0
747,2007,Uganda,110728.0,113225.0
748,2007,United Arab Emirates,95.0,128.0
749,2007,United Rep. of Tanzania,110139.0,107565.0
750,2007,Uruguay,51.0,126.0
751,2007,Vanuatu,1.0,0.0
752,2007,Venezuela (Bolivarian Republic of),4392.0,5210.0
753,2007,Viet Nam,4834.0,4786.0
754,2007,Yemen,70738.0,61448.0
755,2007,Zambia,30467.0,28873.0
756,2007,Zimbabwe,1222.0,1670.0
757,2008,Afghanistan,3628444.0,3847427.0
758,2008,Albania,34.0,53.0
759,2008,Algeria,254.0,732.0
760,2008,Angola,14677.0,13988.0
761,2008,Armenia,2158.0,1966.0
762,2008,Bahrain,38.0,59.0
763,2008,Bangladesh,14673.0,13719.0
764,2008,Belarus,281.0,425.0
765,2008,Belize,2.0,5.0
766,2008,Benin,3059.0,4086.0
767,2008,Bolivia (Plurinational State of),181.0,348.0
768,2008,Bosnia and Herzegovina,9912.0,9506.0
769,2008,Botswana,1105.0,1789.0
770,2008,Bulgaria,158.0,588.0
771,2008,Burkina Faso,427.0,734.0
772,2008,Burundi,13634.0,12728.0
773,2008,Cambodia,102.0,123.0
774,2008,Cameroon,42223.0,41045.0
775,2008,Central African Rep.,98382.0,107510.0
776,2008,Chad,251929.0,200778.0
777,2008,China,33.0,63.0
778,2008,"China, Hong Kong SAR",360.0,855.0
779,2008,Colombia,78.0,199.0
780,2008,Congo,13380.0,14704.0
781,2008,Croatia,1107.0,1100.0
782,2008,Cuba,11.0,524.0
783,2008,Czech Rep.,15516.0,13658.0
784,2008,Côte d'Ivoire,26043.0,24187.0
785,2008,Dem. Rep. of the Congo,84142.0,77027.0
786,2008,Djibouti,4676.0,4554.0
787,2008,Egypt,51245.0,61360.0
788,2008,El Salvador,10.0,22.0
789,2008,Eritrea,2147.0,2845.0
790,2008,Estonia,3.0,8.0
791,2008,Ethiopia,40444.0,44806.0
792,2008,Fiji,2.0,4.0
793,2008,Gabon,5772.0,7535.0
794,2008,Gambia,3641.0,2757.0
795,2008,Georgia,7.0,21.0
796,2008,Ghana,8728.0,9968.0
797,2008,Guatemala,67.0,68.0
798,2008,Guinea,10986.0,11133.0
799,2008,Guinea-Bissau,4113.0,4098.0
800,2008,Haiti,0.0,3.0
801,2008,Honduras,3.0,21.0
802,2008,Hungary,1371.0,4690.0
803,2008,Iceland,85.0,73.0
804,2008,India,43498.0,44830.0
805,2008,Indonesia,157.0,568.0
806,2008,Iraq,20439.0,21108.0
807,2008,Israel,2772.0,12098.0
808,2008,Jordan,258791.0,242307.0
809,2008,Kazakhstan,287.0,443.0
810,2008,Kenya,155279.0,174086.0
811,2008,Kuwait,489.0,2396.0
812,2008,Kyrgyzstan,11196.0,9765.0
813,2008,Latvia,18.0,36.0
814,2008,Liberia,10221.0,9576.0
815,2008,Lithuania,149.0,202.0
816,2008,Malawi,4399.0,5026.0
817,2008,Malaysia,15721.0,30277.0
818,2008,Mali,4525.0,6969.0
819,2008,Mauritania,392.0,710.0
820,2008,Mexico,405.0,668.0
821,2008,Micronesia (Federated States of),0.0,1.0
822,2008,Mongolia,4.0,7.0
823,2008,Montenegro,780.0,803.0
824,2008,Morocco,330.0,905.0
825,2008,Mozambique,3158.0,4461.0
826,2008,Myanmar,343045.0,343132.0
827,2008,Namibia,3689.0,4451.0
828,2008,Nepal,50641.0,52672.0
829,2008,Nicaragua,108.0,39.0
830,2008,Niger,156.0,188.0
831,2008,Nigeria,5070.0,6272.0
832,2008,Oman,24.0,30.0
833,2008,Pakistan,901185.0,1035975.0
834,2008,Panama,7619.0,9896.0
835,2008,Papua New Guinea,1197.0,1316.0
836,2008,Paraguay,30.0,49.0
837,2008,Philippines,23.0,170.0
838,2008,Qatar,23.0,27.0
839,2008,Rep. of Korea,300.0,1161.0
840,2008,Rep. of Moldova,52.0,129.0
841,2008,Russian Federation,384.0,769.0
842,2008,Rwanda,30183.0,24879.0
843,2008,Saint Lucia,0.0,1.0
844,2008,Saudi Arabia,304.0,435.0
845,2008,Senegal,18945.0,16942.0
846,2008,Serbia and Kosovo (S/RES/1244 (1999)),171884.0,169161.0
847,2008,Sierra Leone,4473.0,3682.0
848,2008,Singapore,3.0,7.0
849,2008,Slovakia,23.0,169.0
850,2008,Slovenia,20.0,44.0
851,2008,Somalia,654076.0,626208.0
852,2008,Sri Lanka,264148.0,262114.0
853,2008,Sudan,630662.0,624587.0
854,2008,Suriname,0.0,1.0
855,2008,Swaziland,81.0,137.0
856,2008,Syrian Arab Rep.,541.0,611.0
857,2008,Tajikistan,17.0,23.0
858,2008,Thailand,60979.0,64531.0
859,2008,The former Yugoslav Republic of Macedonia,887.0,885.0
860,2008,Timor-Leste,0.0,17.0
861,2008,Togo,7865.0,6228.0
862,2008,Trinidad and Tobago,12.0,120.0
863,2008,Tunisia,44.0,101.0
864,2008,Turkey,7963.0,10537.0
865,2008,Turkmenistan,40.0,39.0
866,2008,Uganda,77434.0,77941.0
867,2008,United Rep. of Tanzania,165252.0,156911.0
868,2008,Uruguay,49.0,135.0
869,2008,Uzbekistan,375.0,446.0
870,2008,Vanuatu,0.0,4.0
871,2008,Venezuela (Bolivarian Republic of),61366.0,67688.0
872,2008,Viet Nam,4928.0,4629.0
873,2008,Yemen,84922.0,72840.0
874,2008,Zambia,26376.0,27058.0
875,2008,Zimbabwe,1260.0,1519.0
876,2009,Afghanistan,162876.0,172803.0
877,2009,Albania,35.0,55.0
878,2009,Algeria,84.0,201.0
879,2009,Angola,4393608.0,4749166.0
880,2009,Armenia,1846.0,1800.0
881,2009,Azerbaijan,984.0,1186.0
882,2009,Bahrain,65.0,86.0
883,2009,Bangladesh,14657.0,13714.0
884,2009,Belarus,267.0,393.0
885,2009,Belize,7.0,14.0
886,2009,Benin,3047.0,4282.0
887,2009,Bolivia (Plurinational State of),193.0,294.0
888,2009,Bosnia and Herzegovina,9237.0,8902.0
889,2009,Botswana,1218.0,2010.0
890,2009,Brazil,1816.0,2003.0
891,2009,British Virgin Islands,0.0,6.0
892,2009,Bulgaria,148.0,705.0
893,2009,Burkina Faso,398.0,660.0
894,2009,Burundi,16227.0,15078.0
895,2009,Cambodia,68.0,96.0
896,2009,Cameroon,52286.0,48983.0
897,2009,Canada,27193.0,33959.0
898,2009,Cayman Islands,0.0,5.0
899,2009,Central African Rep.,106769.0,118540.0
900,2009,Chad,283326.0,222369.0
901,2009,China,52.0,89.0
902,2009,"China, Hong Kong SAR",340.0,537.0
903,2009,"China, Macao SAR",6.0,6.0
904,2009,Colombia,85.0,233.0
905,2009,Congo,9807.0,12441.0
906,2009,Croatia,11.0,44.0
907,2009,Cuba,7.0,452.0
908,2009,Côte d'Ivoire,13255.0,11610.0
909,2009,Dem. Rep. of the Congo,61139.0,55145.0
910,2009,Djibouti,6349.0,6683.0
911,2009,Egypt,49505.0,58408.0
912,2009,El Salvador,14.0,74.0
913,2009,Eritrea,2233.0,2652.0
914,2009,Estonia,5.0,18.0
915,2009,Ethiopia,57013.0,67331.0
916,2009,Fiji,2.0,4.0
917,2009,Gabon,5706.0,7426.0
918,2009,Gambia,2686.0,2711.0
919,2009,Ghana,6762.0,7494.0
920,2009,Guatemala,68.0,67.0
921,2009,Guinea,8352.0,7901.0
922,2009,Guinea-Bissau,4101.0,4086.0
923,2009,Haiti,1.0,14.0
924,2009,Honduras,3.0,17.0
925,2009,Hungary,572.0,8255.0
926,2009,Iceland,85.0,50.0
927,2009,India,44384.0,46380.0
928,2009,Indonesia,276.0,2291.0
929,2009,Iran (Islamic Rep. of),471579.0,559024.0
930,2009,Iraq,284721.0,291954.0
931,2009,Israel,2534.0,15202.0
932,2009,Jamaica,10.0,16.0
933,2009,Jordan,19572.0,20532.0
934,2009,Kazakhstan,330.0,419.0
935,2009,Kenya,183612.0,194723.0
936,2009,Kuwait,653.0,2553.0
937,2009,Kyrgyzstan,13717.0,11750.0
938,2009,Latvia,26.0,55.0
939,2009,Liberia,5646.0,5666.0
940,2009,Libya,5130.0,7192.0
941,2009,Lithuania,83.0,170.0
942,2009,Malawi,5235.0,6051.0
943,2009,Malaysia,24465.0,51955.0
944,2009,Mali,6666.0,8578.0
945,2009,Malta,188.0,2074.0
946,2009,Mauritania,319.0,594.0
947,2009,Mexico,469.0,862.0
948,2009,Micronesia (Federated States of),0.0,1.0
949,2009,Mongolia,5.0,9.0
950,2009,Montenegro,726.0,753.0
951,2009,Morocco,305.0,786.0
952,2009,Mozambique,3212.0,4511.0
953,2009,Myanmar,343045.0,343132.0
954,2009,Namibia,3818.0,4719.0
955,2009,Nepal,42317.0,43820.0
956,2009,Nicaragua,49.0,72.0
957,2009,Niger,164.0,193.0
958,2009,Nigeria,4810.0,5462.0
959,2009,Oman,22.0,16.0
960,2009,Pakistan,807358.0,933594.0
961,2009,Palau,2.0,10.0
962,2009,Panama,7633.0,10081.0
963,2009,Papua New Guinea,1200.0,1317.0
964,2009,Paraguay,33.0,60.0
965,2009,Philippines,16.0,134.0
966,2009,Qatar,18.0,19.0
967,2009,Rep. of Korea,144.0,445.0
968,2009,Rep. of Moldova,1265.0,942.0
969,2009,Romania,13.0,199.0
970,2009,Russian Federation,238.0,455.0
971,2009,Rwanda,41542.0,33349.0
972,2009,Saint Lucia,1.0,3.0
973,2009,Saint Vincent and the Grenadines,0.0,1.0
974,2009,Saudi Arabia,279.0,400.0
975,2009,Senegal,12068.0,12879.0
976,2009,Serbia and Kosovo (S/RES/1244 (1999)),166641.0,165251.0
977,2009,Sierra Leone,4631.0,4629.0
978,2009,Singapore,3.0,4.0
979,2009,Slovakia,64.0,213.0
980,2009,Slovenia,42.0,287.0
981,2009,Somalia,795158.0,761960.0
982,2009,Sri Lanka,263563.0,253326.0
983,2009,Sudan,619931.0,612848.0
984,2009,Suriname,0.0,1.0
985,2009,Swaziland,121.0,135.0
986,2009,Tajikistan,30.0,34.0
987,2009,Thailand,56294.0,59258.0
988,2009,The former Yugoslav Republic of Macedonia,1749.0,1653.0
989,2009,Timor-Leste,0.0,11.0
990,2009,Togo,4981.0,3880.0
991,2009,Trinidad and Tobago,14.0,219.0
992,2009,Tunisia,48.0,80.0
993,2009,Turkey,6747.0,9494.0
994,2009,Turkmenistan,32.0,28.0
995,2009,Uganda,68218.0,70678.0
996,2009,United Arab Emirates,170.0,185.0
997,2009,United Rep. of Tanzania,52619.0,50227.0
998,2009,Uruguay,68.0,141.0
999,2009,Uzbekistan,256.0,299.0
1000,2009,Vanuatu,0.0,4.0
1001,2009,Venezuela (Bolivarian Republic of),60716.0,67124.0
1002,2009,Viet Nam,4928.0,4629.0
1003,2009,Yemen,175365.0,144993.0
1004,2009,Zambia,17054.0,18061.0
1005,2009,Zimbabwe,2065.0,2565.0
1006,2010,Afghanistan,947914.0,957899.0
1007,2010,Albania,34.0,65.0
1008,2010,Algeria,138.0,305.0
1009,2010,Angola,8705.0,10964.0
1010,2010,Armenia,1706.0,1619.0
1011,2010,Azerbaijan,841.0,1067.0
1012,2010,Bahamas,13.0,25.0
1013,2010,Bahrain,111.0,123.0
1014,2010,Bangladesh,15027.0,14226.0
1015,2010,Belarus,270.0,385.0
1016,2010,Belgium,7774.0,10809.0
1017,2010,Benin,3018.0,4222.0
1018,2010,Bolivia (Plurinational State of),300.0,436.0
1019,2010,Bonaire,0.0,1.0
1020,2010,Bosnia and Herzegovina,65087.0,65703.0
1021,2010,Botswana,1210.0,2025.0
1022,2010,Brazil,1537.0,3907.0
1023,2010,British Virgin Islands,0.0,2.0
1024,2010,Bulgaria,133.0,892.0
1025,2010,Burkina Faso,406.0,659.0
1026,2010,Burundi,24426.0,22812.0
1027,2010,Cambodia,75.0,105.0
1028,2010,Cameroon,54778.0,51880.0
1029,2010,Canada,22310.0,28715.0
1030,2010,Cayman Islands,0.0,5.0
1031,2010,Central African Rep.,106453.0,108885.0
1032,2010,Chad,186092.0,142764.0
1033,2010,China,143996.0,157112.0
1034,2010,"China, Hong Kong SAR",214.0,427.0
1035,2010,"China, Macao SAR",4.0,6.0
1036,2010,Colombia,1816870.0,1855564.0
1037,2010,Congo,70641.0,68091.0
1038,2010,Costa Rica,8431.0,11449.0
1039,2010,Croatia,12495.0,11657.0
1040,2010,Cuba,14.0,408.0
1041,2010,Curaçao,5.0,4.0
1042,2010,Czech Rep.,345.0,659.0
1043,2010,Côte d'Ivoire,14078.0,12298.0
1044,2010,Dem. Rep. of the Congo,90641.0,93227.0
1045,2010,Denmark,1512.0,1704.0
1046,2010,Djibouti,7784.0,8059.0
1047,2010,Dominican Rep.,1178.0,1180.0
1048,2010,Ecuador,45954.0,56087.0
1049,2010,Egypt,50313.0,59106.0
1050,2010,El Salvador,19.0,37.0
1051,2010,Eritrea,2153.0,2793.0
1052,2010,Estonia,5.0,44.0
1053,2010,Ethiopia,74589.0,80734.0
1054,2010,Fiji,2.0,5.0
1055,2010,France,67449.0,93069.0
1056,2010,Gabon,5704.0,7443.0
1057,2010,Gambia,4376.0,4076.0
1058,2010,Georgia,1332.0,1177.0
1059,2010,Germany,280164.0,374016.0
1060,2010,Ghana,6944.0,7633.0
1061,2010,Grenada,1.0,2.0
1062,2010,Guatemala,69.0,71.0
1063,2010,Guinea,7658.0,7219.0
1064,2010,Guinea-Bissau,4205.0,3804.0
1065,2010,Guyana,4.0,3.0
1066,2010,Honduras,4.0,10.0
1067,2010,Iceland,5.0,17.0
1068,2010,India,42680.0,45887.0
1069,2010,Indonesia,435.0,2447.0
1070,2010,Iran (Islamic Rep. of),823.0,1033.0
1071,2010,Iraq,740744.0,759436.0
1072,2010,Italy,887.0,3189.0
1073,2010,Jamaica,7.0,14.0
1074,2010,Japan,1957.0,4902.0
1075,2010,Jordan,15967.0,17209.0
1076,2010,Kenya,210699.0,220172.0
1077,2010,Kuwait,734.0,1026.0
1078,2010,Kyrgyzstan,162078.0,141975.0
1079,2010,Latvia,33.0,88.0
1080,2010,Lebanon,3391.0,6089.0
1081,2010,Liberia,13302.0,11468.0
1082,2010,Libya,4527.0,6590.0
1083,2010,Lithuania,1574.0,2215.0
1084,2010,Malawi,5882.0,6937.0
1085,2010,Malaysia,27887.0,64970.0
1086,2010,Mali,6663.0,8598.0
1087,2010,Malta,204.0,3020.0
1088,2010,Mauritania,1082.0,1261.0
1089,2010,Mexico,521.0,1046.0
1090,2010,Mongolia,15.0,28.0
1091,2010,Montenegro,8390.0,7979.0
1092,2010,Montserrat,0.0,14.0
1093,2010,Morocco,313.0,759.0
1094,2010,Mozambique,3783.0,6208.0
1095,2010,Myanmar,454199.0,405204.0
1096,2010,Namibia,3913.0,4790.0
1097,2010,Nepal,37456.0,38863.0
1098,2010,Netherlands,4533.0,8514.0
1099,2010,Nicaragua,27.0,49.0
1100,2010,Niger,141.0,191.0
1101,2010,Nigeria,5082.0,5480.0
1102,2010,Oman,53.0,38.0
1103,2010,Pakistan,937528.0,1072815.0
1104,2010,Panama,7600.0,9955.0
1105,2010,Papua New Guinea,1199.0,1311.0
1106,2010,Paraguay,38.0,77.0
1107,2010,Peru,524.0,886.0
1108,2010,Philippines,103.0,281.0
1109,2010,Qatar,34.0,33.0
1110,2010,Rep. of Korea,184.0,598.0
1111,2010,Rep. of Moldova,1266.0,994.0
1112,2010,Romania,48.0,337.0
1113,2010,Russian Federation,56.0,338.0
1114,2010,Rwanda,36538.0,29036.0
1115,2010,Saint Lucia,1.0,5.0
1116,2010,Saudi Arabia,282.0,387.0
1117,2010,Senegal,11047.0,11802.0
1118,2010,Serbia and Kosovo (S/RES/1244 (1999)),158240.0,154706.0
1119,2010,Sierra Leone,4214.0,4359.0
1120,2010,Singapore,3.0,4.0
1121,2010,Sint Maarten (Dutch part),1.0,3.0
1122,2010,Slovakia,24.0,153.0
1123,2010,Slovenia,85.0,348.0
1124,2010,Somalia,757516.0,732327.0
1125,2010,Spain,881.0,1831.0
1126,2010,Sri Lanka,221934.0,213327.0
1127,2010,Sudan,907878.0,903533.0
1128,2010,Suriname,0.0,8.0
1129,2010,Switzerland,25128.0,36600.0
1130,2010,Syrian Arab Rep.,67697.0,75426.0
1131,2010,Tajikistan,53.0,45.0
1132,2010,Thailand,52349.0,54576.0
1133,2010,The former Yugoslav Republic of Macedonia,1586.0,1484.0
1134,2010,Timor-Leste,0.0,5.0
1135,2010,Togo,7441.0,6780.0
1136,2010,Tonga,2.0,1.0
1137,2010,Trinidad and Tobago,15.0,116.0
1138,2010,Tunisia,44.0,68.0
1139,2010,Turkey,7004.0,9743.0
1140,2010,Turkmenistan,10033.0,10029.0
1141,2010,Uganda,76421.0,80243.0
1142,2010,Ukraine,1378.0,3986.0
1143,2010,United Arab Emirates,296.0,328.0
1144,2010,United Rep. of Tanzania,139874.0,132915.0
1145,2010,Uruguay,71.0,158.0
1146,2010,Uzbekistan,138.0,173.0
1147,2010,Vanuatu,0.0,4.0
1148,2010,Venezuela (Bolivarian Republic of),103657.0,113749.0
1149,2010,Viet Nam,7701.0,4427.0
1150,2010,Yemen,227488.0,280867.0
1151,2010,Zambia,22156.0,23955.0
1152,2010,Zimbabwe,2177.0,2782.0
1153,2011,Afghanistan,766512.0,778679.0
1154,2011,Albania,44.0,62.0
1155,2011,Algeria,284.0,675.0
1156,2011,Argentina,835.0,1588.0
1157,2011,Armenia,1500.0,1454.0
1158,2011,Aruba,2.0,2.0
1159,2011,Azerbaijan,306050.0,294935.0
1160,2011,Bahamas,13.0,29.0
1161,2011,Bahrain,179.0,180.0
1162,2011,Bangladesh,15240.0,14431.0
1163,2011,Belarus,265.0,380.0
1164,2011,Belgium,9472.0,12874.0
1165,2011,Belize,53.0,80.0
1166,2011,Benin,3170.0,4405.0
1167,2011,Bolivia (Plurinational State of),302.0,432.0
1168,2011,Bosnia and Herzegovina,64417.0,64944.0
1169,2011,Botswana,1312.0,2246.0
1170,2011,Brazil,3329.0,9468.0
1171,2011,British Virgin Islands,0.0,2.0
1172,2011,Bulgaria,108.0,782.0
1173,2011,Burkina Faso,466.0,745.0
1174,2011,Burundi,68458.0,61735.0
1175,2011,Cambodia,31.0,82.0
1176,2011,Cameroon,53582.0,50089.0
1177,2011,Canada,38974.0,43713.0
1178,2011,Cayman Islands,0.0,4.0
1179,2011,Central African Rep.,100117.0,99779.0
1180,2011,Chad,195041.0,153618.0
1181,2011,China,143979.0,157069.0
1182,2011,"China, Hong Kong SAR",320.0,430.0
1183,2011,"China, Macao SAR",4.0,7.0
1184,2011,Colombia,1983357.0,1905308.0
1185,2011,Congo,74319.0,70988.0
1186,2011,Costa Rica,8727.0,11785.0
1187,2011,Croatia,11519.0,10715.0
1188,2011,Cuba,14.0,374.0
1189,2011,Curaçao,7.0,5.0
1190,2011,Côte d'Ivoire,141916.0,145744.0
1191,2011,Dem. Rep. of the Congo,130706.0,122457.0
1192,2011,Djibouti,10123.0,12124.0
1193,2011,Dominican Rep.,1205.0,1175.0
1194,2011,Ecuador,37685.0,38965.0
1195,2011,Egypt,52864.0,61221.0
1196,2011,El Salvador,12.0,31.0
1197,2011,Eritrea,2468.0,2258.0
1198,2011,Estonia,45869.0,51939.0
1199,2011,Ethiopia,142110.0,148081.0
1200,2011,Fiji,2.0,6.0
1201,2011,France,70878.0,97603.0
1202,2011,Gabon,5326.0,7472.0
1203,2011,Gambia,4960.0,4594.0
1204,2011,Georgia,1086.0,985.0
1205,2011,Germany,270731.0,363634.0
1206,2011,Ghana,12508.0,13712.0
1207,2011,Grenada,1.0,2.0
1208,2011,Guatemala,73.0,84.0
1209,2011,Guinea,8859.0,8355.0
1210,2011,Guinea-Bissau,4198.0,3693.0
1211,2011,Guyana,4.0,4.0
1212,2011,Haiti,0.0,6.0
1213,2011,Honduras,6.0,11.0
1214,2011,Iceland,80.0,132.0
1215,2011,India,43538.0,45098.0
1216,2011,Indonesia,785.0,3454.0
1217,2011,Iran (Islamic Rep. of),203.0,322.0
1218,2011,Iraq,161954.0,166565.0
1219,2011,Israel,13182.0,35465.0
1220,2011,Jamaica,7.0,13.0
1221,2011,Japan,2259.0,5078.0
1222,2011,Jordan,18364.0,19817.0
1223,2011,Kazakhstan,2168.0,2200.0
1224,2011,Kenya,298538.0,303223.0
1225,2011,Kuwait,669.0,784.0
1226,2011,Kyrgyzstan,107966.0,102652.0
1227,2011,Latvia,19.0,49.0
1228,2011,Lebanon,6517.0,9059.0
1229,2011,Lesotho,13.0,24.0
1230,2011,Liberia,68096.0,64380.0
1231,2011,Libya,4228.0,6207.0
1232,2011,Liechtenstein,12.0,45.0
1233,2011,Lithuania,2045.0,1564.0
1234,2011,Madagascar,5.0,6.0
1235,2011,Malawi,7458.0,9395.0
1236,2011,Malaysia,29265.0,68353.0
1237,2011,Mali,7951.0,10170.0
1238,2011,Mauritania,1041.0,1143.0
1239,2011,Mexico,473.0,922.0
1240,2011,Mongolia,1.0,5.0
1241,2011,Montenegro,6648.0,6698.0
1242,2011,Montserrat,0.0,5.0
1243,2011,Morocco,410.0,941.0
1244,2011,Mozambique,4659.0,9022.0
1245,2011,Myanmar,601103.0,546172.0
1246,2011,Namibia,3322.0,3687.0
1247,2011,Nepal,436440.0,437555.0
1248,2011,Netherlands,3647.0,6773.0
1249,2011,Nicaragua,41.0,51.0
1250,2011,Niger,168.0,257.0
1251,2011,Nigeria,4722.0,5613.0
1252,2011,Norway,1248.0,1525.0
1253,2011,Oman,71.0,55.0
1254,2011,Pakistan,828313.0,928542.0
1255,2011,Palau,0.0,2.0
1256,2011,Panama,7777.0,10282.0
1257,2011,Papua New Guinea,1133.0,1243.0
1258,2011,Paraguay,51.0,82.0
1259,2011,Peru,584.0,1054.0
1260,2011,Philippines,48.0,203.0
1261,2011,Poland,769.0,780.0
1262,2011,Qatar,67.0,62.0
1263,2011,Rep. of Korea,246.0,1177.0
1264,2011,Rep. of Moldova,1269.0,999.0
1265,2011,Romania,0.0,123.0
1266,2011,Russian Federation,30.0,50.0
1267,2011,Rwanda,35178.0,28003.0
1268,2011,Saint Lucia,1.0,4.0
1269,2011,Saint Vincent and the Grenadines,1.0,0.0
1270,2011,Saudi Arabia,286.0,393.0
1271,2011,Senegal,11459.0,11448.0
1272,2011,Serbia and Kosovo (S/RES/1244 (1999)),155340.0,151990.0
1273,2011,Sierra Leone,4017.0,4139.0
1274,2011,Singapore,1.0,2.0
1275,2011,Sint Maarten (Dutch part),1.0,2.0
1276,2011,Slovakia,103.0,408.0
1277,2011,Slovenia,20.0,80.0
1278,2011,Somalia,692562.0,672531.0
1279,2011,South Sudan,49630.0,56299.0
1280,2011,Sri Lanka,1017.0,1103.0
1281,2011,Sudan,1425340.0,1422832.0
1282,2011,Suriname,1.0,2.0
1283,2011,Sweden,4241.0,6103.0
1284,2011,Switzerland,26979.0,40352.0
1285,2011,Syrian Arab Rep.,55228.0,52301.0
1286,2011,Tajikistan,76.0,96.0
1287,2011,Thailand,50872.0,51738.0
1288,2011,The former Yugoslav Republic of Macedonia,1312.0,1324.0
1289,2011,Timor-Leste,0.0,2.0
1290,2011,Togo,9947.0,9738.0
1291,2011,Tonga,2.0,1.0
1292,2011,Trinidad and Tobago,12.0,30.0
1293,2011,Tunisia,1214.0,3242.0
1294,2011,Turkey,10919.0,14510.0
1295,2011,Turkmenistan,5531.0,5528.0
1296,2011,Uganda,79463.0,83438.0
1297,2011,Ukraine,625.0,1960.0
1298,2011,United Arab Emirates,356.0,366.0
1299,2011,United Rep. of Tanzania,149800.0,144404.0
1300,2011,Uruguay,71.0,154.0
1301,2011,Uzbekistan,94.0,120.0
1302,2011,Vanuatu,1.0,1.0
1303,2011,Venezuela (Bolivarian Republic of),102749.0,112992.0
1304,2011,Viet Nam,7217.0,3973.0
1305,2011,Yemen,256216.0,317721.0
1306,2011,Zambia,21295.0,23358.0
1307,2011,Zimbabwe,2558.0,3301.0
1308,2012,Afghanistan,723777.0,771521.0
1309,2012,Albania,46.0,68.0
1310,2012,Algeria,512.0,1352.0
1311,2012,Argentina,1087.0,2376.0
1312,2012,Armenia,1653.0,1619.0
1313,2012,Aruba,2.0,4.0
1314,2012,Austria,5835.0,15971.0
1315,2012,Azerbaijan,660.0,846.0
1316,2012,Bahamas,4.0,48.0
1317,2012,Bahrain,172.0,167.0
1318,2012,Bangladesh,15870.0,14830.0
1319,2012,Barbados,0.0,1.0
1320,2012,Belarus,263.0,375.0
1321,2012,Belgium,10938.0,14984.0
1322,2012,Belize,41.0,63.0
1323,2012,Benin,2295.0,2802.0
1324,2012,Bolivia (Plurinational State of),309.0,432.0
1325,2012,Bosnia and Herzegovina,86910.0,90353.0
1326,2012,Botswana,1259.0,2181.0
1327,2012,Brazil,4120.0,11116.0
1328,2012,British Virgin Islands,0.0,2.0
1329,2012,Bulgaria,152.0,1077.0
1330,2012,Burkina Faso,19037.0,20955.0
1331,2012,Burundi,80565.0,83639.0
1332,2012,Cambodia,26.0,75.0
1333,2012,Cameroon,52902.0,49193.0
1334,2012,Canada,19563.0,23374.0
1335,2012,Cayman Islands,0.0,3.0
1336,2012,Central African Rep.,7686.0,7491.0
1337,2012,Chad,195834.0,155611.0
1338,2012,Chile,133.0,145.0
1339,2012,China,144095.0,157207.0
1340,2012,"China, Hong Kong SAR",452.0,501.0
1341,2012,"China, Macao SAR",1.0,5.0
1342,2012,Colombia,2012609.0,1931205.0
1343,2012,Congo,51860.0,50947.0
1344,2012,Costa Rica,8977.0,12106.0
1345,2012,Croatia,10831.0,10263.0
1346,2012,Cuba,20.0,354.0
1347,2012,Curaçao,9.0,31.0
1348,2012,Czech Rep.,1665.0,2469.0
1349,2012,Côte d'Ivoire,70409.0,75433.0
1350,2012,Dem. Rep. of the Congo,96933.0,88529.0
1351,2012,Denmark,1703.0,1920.0
1352,2012,Djibouti,10591.0,11643.0
1353,2012,Dominican Rep.,795.0,730.0
1354,2012,Ecuador,33393.0,36654.0
1355,2012,Egypt,79343.0,86237.0
1356,2012,El Salvador,12.0,33.0
1357,2012,Eritrea,1734.0,1944.0
1358,2012,Estonia,11.0,59.0
1359,2012,Ethiopia,176796.0,180088.0
1360,2012,Fiji,5.0,8.0
1361,2012,Finland,1467.0,2431.0
1362,2012,France,83827.0,117617.0
1363,2012,Gabon,1555.0,2808.0
1364,2012,Gambia,5216.0,4637.0
1365,2012,Georgia,963.0,989.0
1366,2012,Germany,287520.0,387777.0
1367,2012,Ghana,8999.0,9622.0
1368,2012,Guatemala,76.0,86.0
1369,2012,Guinea,5476.0,5427.0
1370,2012,Guinea-Bissau,4207.0,3685.0
1371,2012,Guyana,4.0,3.0
1372,2012,Haiti,0.0,12.0
1373,2012,Honduras,8.0,9.0
1374,2012,Hungary,69.0,317.0
1375,2012,Iceland,87.0,160.0
1376,2012,India,44003.0,45212.0
1377,2012,Indonesia,1389.0,6556.0
1378,2012,Iran (Islamic Rep. of),14414.0,15039.0
1379,2012,Iraq,418116.0,440754.0
1380,2012,Ireland,359.0,439.0
1381,2012,Israel,8381.0,45750.0
1382,2012,Italy,2293.0,12037.0
1383,2012,Jamaica,7.0,13.0
1384,2012,Japan,1923.0,6197.0
1385,2012,Jordan,154997.0,150646.0
1386,2012,Kazakhstan,2148.0,2176.0
1387,2012,Kenya,302409.0,304468.0
1388,2012,Kuwait,671.0,832.0
1389,2012,Kyrgyzstan,98149.0,94536.0
1390,2012,Latvia,66.0,204.0
1391,2012,Lebanon,68203.0,67649.0
1392,2012,Lesotho,12.0,25.0
1393,2012,Liberia,50797.0,44538.0
1394,2012,Libya,5884.0,7733.0
1395,2012,Lithuania,1711.0,2569.0
1396,2012,Madagascar,4.0,6.0
1397,2012,Malawi,7727.0,8937.0
1398,2012,Malaysia,30850.0,70986.0
1399,2012,Mali,6831.0,7337.0
1400,2012,Mauritania,31562.0,26468.0
1401,2012,Mexico,577.0,870.0
1402,2012,Mongolia,1.0,12.0
1403,2012,Montenegro,8752.0,8655.0
1404,2012,Montserrat,0.0,5.0
1405,2012,Morocco,683.0,2239.0
1406,2012,Mozambique,5190.0,7408.0
1407,2012,Myanmar,532579.0,475496.0
1408,2012,Namibia,1271.0,1624.0
1409,2012,Nauru,0.0,379.0
1410,2012,Nepal,27860.0,28874.0
1411,2012,Nicaragua,59.0,81.0
1412,2012,Niger,27563.0,23055.0
1413,2012,Nigeria,1789.0,2407.0
1414,2012,Norway,2950.0,6449.0
1415,2012,Oman,86.0,72.0
1416,2012,Pakistan,1120376.0,1279360.0
1417,2012,Palau,0.0,3.0
1418,2012,Panama,7692.0,10104.0
1419,2012,Papua New Guinea,4597.0,4786.0
1420,2012,Paraguay,56.0,87.0
1421,2012,Peru,582.0,1018.0
1422,2012,Philippines,3059.0,3197.0
1423,2012,Poland,673.0,630.0
1424,2012,Qatar,70.0,67.0
1425,2012,Rep. of Korea,390.0,1609.0
1426,2012,Rep. of Moldova,1245.0,1013.0
1427,2012,Romania,110.0,1803.0
1428,2012,Rwanda,39926.0,30630.0
1429,2012,Saint Kitts and Nevis,0.0,1.0
1430,2012,Saint Lucia,0.0,3.0
1431,2012,Saudi Arabia,284.0,392.0
1432,2012,Senegal,8093.0,8477.0
1433,2012,Serbia and Kosovo (S/RES/1244 (1999)),149675.0,146541.0
1434,2012,Sierra Leone,2123.0,2148.0
1435,2012,Singapore,1.0,2.0
1436,2012,Sint Maarten (Dutch part),3.0,4.0
1437,2012,Slovakia,131.0,633.0
1438,2012,Slovenia,65.0,211.0
1439,2012,Solomon Islands,1.0,2.0
1440,2012,Somalia,5148.0,5677.0
1441,2012,South Sudan,105978.0,98544.0
1442,2012,Sri Lanka,887.0,966.0
1443,2012,Sudan,1073479.0,1072290.0
1444,2012,Suriname,1.0,2.0
1445,2012,Swaziland,363.0,564.0
1446,2012,Sweden,10655.0,16018.0
1447,2012,Switzerland,29680.0,42776.0
1448,2012,Syrian Arab Rep.,34964.0,35073.0
1449,2012,Tajikistan,36.0,4111.0
1450,2012,Thailand,49112.0,49947.0
1451,2012,The former Yugoslav Republic of Macedonia,1276.0,1436.0
1452,2012,Timor-Leste,0.0,1.0
1453,2012,Togo,12945.0,11079.0
1454,2012,Tonga,1.0,2.0
1455,2012,Trinidad and Tobago,5.0,20.0
1456,2012,Tunisia,360.0,1416.0
1457,2012,Turkey,86287.0,97526.0
1458,2012,Turkmenistan,4501.0,4492.0
1459,2012,Turks and Caicos Islands,10.0,12.0
1460,2012,Uganda,110153.0,115814.0
1461,2012,Ukraine,1773.0,4687.0
1462,2012,United Arab Emirates,351.0,371.0
1463,2012,United Rep. of Tanzania,135598.0,128245.0
1464,2012,Uruguay,82.0,138.0
1465,2012,Uzbekistan,80.0,96.0
1466,2012,Vanuatu,1.0,1.0
1467,2012,Venezuela (Bolivarian Republic of),96001.0,105033.0
1468,2012,Viet Nam,6800.0,4700.0
1469,2012,Yemen,332257.0,403596.0
1470,2012,Zambia,23046.0,25265.0
1471,2012,Zimbabwe,2005.0,2373.0
1472,2013,Afghanistan,497138.0,487159.0
1473,2013,Albania,114.0,207.0
1474,2013,Algeria,593.0,1367.0
1475,2013,Antigua and Barbuda,0.0,1.0
1476,2013,Argentina,1504.0,2774.0
1477,2013,Armenia,1636.0,1584.0
1478,2013,Aruba,2.0,4.0
1479,2013,Azerbaijan,622.0,836.0
1480,2013,Bahamas,4.0,23.0
1481,2013,Bahrain,165.0,181.0
1482,2013,Bangladesh,16286.0,14868.0
1483,2013,Barbados,0.0,1.0
1484,2013,Belarus,265.0,425.0
1485,2013,Belize,38.0,46.0
1486,2013,Benin,134.0,168.0
1487,2013,Bolivia (Plurinational State of),316.0,438.0
1488,2013,Bosnia and Herzegovina,3469.0,3499.0
1489,2013,Botswana,1063.0,1932.0
1490,2013,Brazil,4277.0,17873.0
1491,2013,British Virgin Islands,0.0,3.0
1492,2013,Bulgaria,1616.0,2944.0
1493,2013,Burkina Faso,15325.0,14700.0
1494,2013,Burundi,65876.0,68368.0
1495,2013,Cambodia,17.0,63.0
1496,2013,Cameroon,63161.0,59929.0
1497,2013,Canada,15482.0,18174.0
1498,2013,Cayman Islands,2.0,9.0
1499,2013,Chad,227510.0,180634.0
1500,2013,China,207.0,325.0
1501,2013,"China, Hong Kong SAR",876.0,1122.0
1502,2013,"China, Macao SAR",1.0,5.0
1503,2013,Colombia,100.0,198.0
1504,2013,Congo,26319.0,28452.0
1505,2013,Costa Rica,5594.0,7771.0
1506,2013,Croatia,48.0,261.0
1507,2013,Cuba,27.0,358.0
1508,2013,Curaçao,29.0,32.0
1509,2013,Côte d'Ivoire,12198.0,10875.0
1510,2013,Dem. Rep. of the Congo,1778067.0,1439772.0
1511,2013,Denmark,2008.0,2255.0
1512,2013,Djibouti,11199.0,12611.0
1513,2013,Dominican Rep.,803.0,742.0
1514,2013,Ecuador,31649.0,34799.0
1515,2013,Egypt,122037.0,131231.0
1516,2013,El Salvador,13.0,36.0
1517,2013,Eritrea,1530.0,1703.0
1518,2013,Estonia,15.0,80.0
1519,2013,Ethiopia,202227.0,208733.0
1520,2013,Fiji,5.0,9.0
1521,2013,Gabon,1361.0,2669.0
1522,2013,Gambia,5186.0,4589.0
1523,2013,Georgia,134188.0,114742.0
1524,2013,Germany,126324.0,196824.0
1525,2013,Ghana,9931.0,10586.0
1526,2013,Guatemala,85.0,90.0
1527,2013,Guinea,4463.0,4412.0
1528,2013,Guinea-Bissau,4626.0,4018.0
1529,2013,Guyana,7.0,4.0
1530,2013,Haiti,1.0,12.0
1531,2013,Honduras,15.0,24.0
1532,2013,India,12810.0,13586.0
1533,2013,Indonesia,2190.0,8126.0
1534,2013,Iran (Islamic Rep. of),14054.0,14815.0
1535,2013,Iraq,643453.0,687117.0
1536,2013,Ireland,2315.0,3686.0
1537,2013,Israel,8230.0,44745.0
1538,2013,Jamaica,9.0,13.0
1539,2013,Jordan,332916.0,313396.0
1540,2013,Kazakhstan,2142.0,2194.0
1541,2013,Kenya,292451.0,294772.0
1542,2013,Kuwait,789.0,876.0
1543,2013,Kyrgyzstan,7402.0,4794.0
1544,2013,Latvia,78.0,249.0
1545,2013,Lebanon,439141.0,423385.0
1546,2013,Lesotho,10.0,20.0
1547,2013,Liberia,28493.0,24896.0
1548,2013,Libya,13569.0,18600.0
1549,2013,Lithuania,64.0,125.0
1550,2013,Madagascar,8.0,5.0
1551,2013,Malawi,8053.0,8882.0
1552,2013,Malaysia,42816.0,97736.0
1553,2013,Mali,14207.0,14673.0
1554,2013,Mauritania,36792.0,30820.0
1555,2013,Mexico,707.0,1124.0
1556,2013,Mongolia,7.0,22.0
1557,2013,Montenegro,7607.0,7653.0
1558,2013,Morocco,1355.0,3618.0
1559,2013,Mozambique,6165.0,8954.0
1560,2013,Namibia,1526.0,1968.0
1561,2013,Nepal,15431.0,16373.0
1562,2013,Nicaragua,90.0,117.0
1563,2013,Niger,27013.0,22347.0
1564,2013,Nigeria,1035.0,1491.0
1565,2013,Oman,111.0,106.0
1566,2013,Pakistan,1146303.0,1313725.0
1567,2013,Palau,0.0,1.0
1568,2013,Panama,7903.0,10394.0
1569,2013,Papua New Guinea,4595.0,4788.0
1570,2013,Paraguay,59.0,78.0
1571,2013,Peru,631.0,1038.0
1572,2013,Philippines,49.0,212.0
1573,2013,Poland,955.0,999.0
1574,2013,Qatar,71.0,70.0
1575,2013,Rep. of Korea,416.0,2121.0
1576,2013,Rep. of Moldova,1285.0,1081.0
1577,2013,Rwanda,45472.0,35519.0
1578,2013,Saint Kitts and Nevis,0.0,2.0
1579,2013,Saint Lucia,0.0,4.0
1580,2013,Saudi Arabia,273.0,385.0
1581,2013,Senegal,8160.0,8568.0
1582,2013,Serbia and Kosovo (S/RES/1244 (1999)),147361.0,143300.0
1583,2013,Sierra Leone,1395.0,1460.0
1584,2013,Singapore,2.0,1.0
1585,2013,Sint Maarten (Dutch part),1.0,3.0
1586,2013,Slovenia,57.0,181.0
1587,2013,Solomon Islands,1.0,2.0
1588,2013,Somalia,6125.0,6245.0
1589,2013,South Sudan,117671.0,111955.0
1590,2013,Sri Lanka,1200.0,1467.0
1591,2013,Sudan,57210.0,55016.0
1592,2013,Swaziland,406.0,639.0
1593,2013,Switzerland,17267.0,25434.0
1594,2013,Syrian Arab Rep.,17376.0,16395.0
1595,2013,Tajikistan,58.0,71.0
1596,2013,Thailand,41877.0,41805.0
1597,2013,The former Yugoslav Republic of Macedonia,1069.0,1810.0
1598,2013,Timor-Leste,0.0,2.0
1599,2013,Togo,11608.0,9434.0
1600,2013,Tonga,1.0,2.0
1601,2013,Trinidad and Tobago,13.0,49.0
1602,2013,Tunisia,318.0,776.0
1603,2013,Turkey,16931.0,22206.0
1604,2013,Turkmenistan,25.0,20.0
1605,2013,Turks and Caicos Islands,2.0,8.0
1606,2013,Uganda,121779.0,122994.0
1607,2013,United Arab Emirates,349.0,331.0
1608,2013,United Rep. of Tanzania,135517.0,129245.0
1609,2013,Uruguay,92.0,153.0
1610,2013,Uzbekistan,61.0,80.0
1611,2013,Vanuatu,2.0,1.0
1612,2013,Venezuela (Bolivarian Republic of),2510.0,2903.0
1613,2013,Yemen,304836.0,344319.0
1614,2013,Zambia,23960.0,27045.0
1615,2013,Zimbabwe,3011.0,3475.0
1616,2014,Afghanistan,668696.0,655475.0
1617,2014,Albania,207.0,382.0
1618,2014,Algeria,1694.0,3303.0
1619,2014,Argentina,1567.0,2792.0
1620,2014,Armenia,1700.0,1648.0
1621,2014,Aruba,1.0,4.0
1622,2014,Azerbaijan,551.0,805.0
1623,2014,Bahamas,7.0,23.0
1624,2014,Bahrain,166.0,187.0
1625,2014,Bangladesh,17032.0,15453.0
1626,2014,Barbados,0.0,1.0
1627,2014,Belarus,502.0,682.0
1628,2014,Belize,56.0,68.0
1629,2014,Benin,234.0,249.0
1630,2014,Bolivia (Plurinational State of),320.0,457.0
1631,2014,Bosnia and Herzegovina,3421.0,3453.0
1632,2014,Botswana,1010.0,1837.0
1633,2014,Brazil,11436.0,36510.0
1634,2014,Burkina Faso,16523.0,15574.0
1635,2014,Burundi,67640.0,70452.0
1636,2014,Cambodia,23.0,81.0
1637,2014,Cameroon,135527.0,124005.0
1638,2014,Canada,11481.0,14177.0
1639,2014,Cayman Islands,2.0,6.0
1640,2014,Central African Rep.,4123.0,3980.0
1641,2014,Chad,246402.0,198796.0
1642,2014,China,202.0,422.0
1643,2014,"China, Hong Kong SAR",1045.0,1357.0
1644,2014,"China, Macao SAR",1.0,5.0
1645,2014,Colombia,103.0,284.0
1646,2014,Congo,27650.0,31455.0
1647,2014,Croatia,49.0,195.0
1648,2014,Cuba,33.0,258.0
1649,2014,Curaçao,38.0,40.0
1650,2014,Côte d'Ivoire,1255.0,1397.0
1651,2014,Dem. Rep. of the Congo,1894387.0,1722138.0
1652,2014,Djibouti,11435.0,12927.0
1653,2014,Dominican Rep.,684.0,670.0
1654,2014,Ecuador,31684.0,33716.0
1655,2014,Egypt,126836.0,134904.0
1656,2014,El Salvador,13.0,22.0
1657,2014,Eritrea,1372.0,1548.0
1658,2014,Estonia,36.0,149.0
1659,2014,Ethiopia,310675.0,311609.0
1660,2014,Fiji,11.0,13.0
1661,2014,Gabon,1191.0,1712.0
1662,2014,Gambia,5962.0,5647.0
1663,2014,Georgia,141917.0,123256.0
1664,2014,Germany,170366.0,284715.0
1665,2014,Ghana,10148.0,10940.0
1666,2014,Guinea,4563.0,4484.0
1667,2014,Guinea-Bissau,4715.0,4092.0
1668,2014,Guyana,7.0,5.0
1669,2014,Haiti,0.0,5.0
1670,2014,Honduras,16.0,26.0
1671,2014,India,14924.0,16015.0
1672,2014,Indonesia,2530.0,8656.0
1673,2014,Iran (Islamic Rep. of),14632.0,15313.0
1674,2014,Iraq,121505.0,157973.0
1675,2014,Ireland,2938.0,5056.0
1676,2014,Israel,6001.0,33725.0
1677,2014,Jamaica,9.0,13.0
1678,2014,Jordan,339678.0,333252.0
1679,2014,Kazakhstan,320.0,406.0
1680,2014,Kenya,287799.0,297564.0
1681,2014,Kyrgyzstan,295.0,394.0
1682,2014,Latvia,116.0,306.0
1683,2014,Lebanon,616261.0,550918.0
1684,2014,Lesotho,17.0,28.0
1685,2014,Liberia,20182.0,18460.0
1686,2014,Libya,14986.0,21882.0
1687,2014,Lithuania,1583.0,2302.0
1688,2014,Madagascar,8.0,12.0
1689,2014,Malawi,19152.0,21594.0
1690,2014,Malaysia,92244.0,208998.0
1691,2014,Mali,36964.0,36622.0
1692,2014,Malta,0.0,0.0
1693,2014,Mauritania,55392.0,44702.0
1694,2014,Mexico,1044.0,1546.0
1695,2014,Monaco,0.0,0.0
1696,2014,Mongolia,4.0,22.0
1697,2014,Montenegro,6523.0,6531.0
1698,2014,Morocco,2134.0,3962.0
1699,2014,Mozambique,14204.0,21518.0
1700,2014,Myanmar,0.0,0.0
1701,2014,Namibia,2174.0,3006.0
1702,2014,Nauru,0.0,0.0
1703,2014,Nepal,23046.0,24668.0
1704,2014,Netherlands,0.0,0.0
1705,2014,New Zealand,0.0,0.0
1706,2014,Nicaragua,329.0,344.0
1707,2014,Niger,52352.0,43520.0
1708,2014,Nigeria,1584.0,2605.0
1709,2014,Norway,0.0,0.0
1710,2014,Oman,406.0,358.0
1711,2014,Pakistan,2786846.0,3138714.0
1712,2014,Palau,0.0,1.0
1713,2014,Panama,15776.0,21574.0
1714,2014,Papua New Guinea,0.0,0.0
1715,2014,Paraguay,142.0,190.0
1716,2014,Peru,1268.0,2112.0
1717,2014,Philippines,1399.0,1727.0
1718,2014,Poland,1398.0,1354.0
1719,2014,Portugal,0.0,0.0
1720,2014,Qatar,226.0,216.0
1721,2014,Rep. of Korea,1476.0,7072.0
1722,2014,Rep. of Moldova,2718.0,2322.0
1723,2014,Romania,1380.0,2984.0
1724,2014,Russian Federation,0.0,0.0
1725,2014,Rwanda,89300.0,70746.0
1726,2014,Saint Kitts and Nevis,0.0,2.0
1727,2014,Saint Lucia,0.0,3.0
1728,2014,Saudi Arabia,545.0,769.0
1729,2014,Senegal,16752.0,17624.0
1730,2014,Serbia and Kosovo (S/RES/1244 (1999)),274802.0,268276.0
1731,2014,Sierra Leone,1460.0,1311.0
1732,2014,Singapore,1.0,3.0
1733,2014,Sint Maarten (Dutch part),3.0,10.0
1734,2014,Slovakia,0.0,0.0
1735,2014,Slovenia,186.0,474.0
1736,2014,Solomon Islands,1.0,2.0
1737,2014,Somalia,11950.0,12038.0
1738,2014,South Africa,0.0,0.0
1739,2014,South Sudan,252320.0,243996.0
1740,2014,Spain,0.0,0.0
1741,2014,Sri Lanka,1777.0,2142.0
1742,2014,Sudan,255800.0,245888.0
1743,2014,Suriname,0.0,2.0
1744,2014,Swaziland,656.0,928.0
1745,2014,Sweden,0.0,0.0
1746,2014,Switzerland,38326.0,56484.0
1747,2014,Syrian Arab Rep.,29617.0,27710.0
1748,2014,Tajikistan,393.0,359.0
1749,2014,Thailand,137670.0,139458.0
1750,2014,The former Yugoslav Republic of Macedonia,2145.0,4187.0
1751,2014,Timor-Leste,1.0,10.0
1752,2014,Togo,24758.0,20224.0
1753,2014,Trinidad and Tobago,82.0,258.0
1754,2014,Tunisia,811.0,1446.0
1755,2014,Turkey,114022.0,164373.0
1756,2014,Turkmenistan,32.0,32.0
1757,2014,Turks and Caicos Islands,2.0,12.0
1758,2014,Uganda,425467.0,416510.0
1759,2014,Ukraine,0.0,0.0
1760,2014,United Arab Emirates,648.0,618.0
1761,2014,United Kingdom,0.0,0.0
1762,2014,United Rep. of Tanzania,254200.0,250514.0
1763,2014,United States of America,0.0,0.0
1764,2014,Uruguay,236.0,420.0
1765,2014,Uzbekistan,101.0,148.0
1766,2014,Vanuatu,1.0,0.0
1767,2014,Venezuela (Bolivarian Republic of),5038.0,5918.0
1768,2014,Viet Nam,0.0,0.0
1769,2014,Yemen,632748.0,739686.0
1770,2014,Zambia,47566.0,52866.0
1771,2014,Zimbabwe,7266.0,9662.0
1772,2015,Afghanistan,1740560.0,1788184.0
1773,2015,Albania,8389.0,8357.0
1774,2015,Algeria,4628.0,8912.0
1775,2015,Angola,0.0,0.0
1776,2015,Anguilla,0.0,1.0
1777,2015,Antigua and Barbuda,0.0,30.0
1778,2015,Argentina,3038.0,5530.0
1779,2015,Armenia,3446.0,3321.0
1780,2015,Aruba,0.0,2.0
1781,2015,Australia,0.0,0.0
1782,2015,Austria,0.0,0.0
1783,2015,Azerbaijan,1112.0,1564.0
1784,2015,Bahamas,15.0,38.0
1785,2015,Bahrain,330.0,390.0
1786,2015,Bangladesh,33930.0,29975.0
1787,2015,Belarus,547.0,1026.0
1788,2015,Belgium,0.0,0.0
1789,2015,Belize,662.0,768.0
1790,2015,Benin,660.0,756.0
1791,2015,Bolivia (Plurinational State of),640.0,897.0
1792,2015,Bosnia and Herzegovina,6912.0,6846.0
1793,2015,Botswana,1628.0,2902.0
1794,2015,Brazil,13798.0,57782.0
1795,2015,Brunei Darussalam,0.0,0.0
1796,2015,Bulgaria,0.0,0.0
1797,2015,Burkina Faso,35128.0,33189.0
1798,2015,Burundi,88118.0,80674.0
1799,2015,Cabo Verde,0.0,0.0
1800,2015,Cambodia,168.0,434.0
1801,2015,Cameroon,350744.0,314266.0
1802,2015,Canada,16090.0,20896.0
1803,2015,Cayman Islands,2.0,1.0
1804,2015,Central African Rep.,7710.0,7618.0
1805,2015,Chad,419372.0,325504.0
1806,2015,Chile,2790.0,3036.0
1807,2015,China,574.0,1058.0
1808,2015,"China, Hong Kong SAR",2108.0,2790.0
1809,2015,"China, Macao SAR",1.0,12.0
1810,2015,Colombia,217.0,457.0
1811,2015,Congo,49154.0,55139.0
1812,2015,Costa Rica,0.0,0.0
1813,2015,Croatia,97.0,340.0
1814,2015,Cuba,98.0,539.0
1815,2015,Curaçao,80.0,76.0
1816,2015,Cyprus,0.0,0.0
1817,2015,Czech Rep.,0.0,0.0
1818,2015,Côte d'Ivoire,2476.0,2896.0
1819,2015,Dem. Rep. of the Congo,2787652.0,2610302.0
1820,2015,Denmark,0.0,0.0
1821,2015,Djibouti,20816.0,23196.0
1822,2015,Dominican Rep.,1380.0,1366.0
1823,2015,Ecuador,51140.0,63312.0
1824,2015,Egypt,243100.0,258238.0
1825,2015,El Salvador,5024.0,15272.0
1826,2015,Eritrea,2392.0,2720.0
1827,2015,Estonia,120.0,320.0
1828,2015,Ethiopia,697262.0,707458.0
1829,2015,Fiji,15.0,19.0
1830,2015,Finland,0.0,0.0
1831,2015,France,0.0,0.0
1832,2015,Gabon,2320.0,3405.0
1833,2015,Gambia,8086.0,7622.0
1834,2015,Georgia,290029.0,253471.0
1835,2015,Germany,527488.0,1024206.0
1836,2015,Ghana,18416.0,20102.0
1837,2015,Greece,0.0,0.0
1838,2015,Grenada,0.0,1.0
1839,2015,Guatemala,256.0,446.0
1840,2015,Guinea,9028.0,9046.0
1841,2015,Guinea-Bissau,0.0,0.0
1842,2015,Guyana,16.0,4.0
1843,2015,Haiti,938.0,1036.0
1844,2015,Honduras,181420.0,176850.0
1845,2015,Hungary,0.0,0.0
1846,2015,Iceland,0.0,0.0
1847,2015,India,32874.0,34242.0
1848,2015,Indonesia,6873.0,20210.0
1849,2015,Iran (Islamic Rep. of),28275.0,29397.0
1850,2015,Iraq,252614.0,317677.0
1851,2015,Ireland,7384.0,14344.0
1852,2015,Israel,0.0,0.0
1853,2015,Italy,0.0,0.0
1854,2015,Jamaica,10.0,24.0
1855,2015,Japan,0.0,0.0
1856,2015,Jordan,695924.0,682182.0
1857,2015,Kazakhstan,642.0,954.0
1858,2015,Kenya,579838.0,607924.0
1859,2015,Kuwait,1446.0,1738.0
1860,2015,Kyrgyzstan,11179.0,8080.0
1861,2015,Latvia,0.0,0.0
1862,2015,Lebanon,1123664.0,1052798.0
1863,2015,Lesotho,24.0,46.0
1864,2015,Liberia,38208.0,34834.0
1865,2015,Libya,30100.0,43468.0
1866,2015,Liechtenstein,0.0,0.0
1867,2015,Lithuania,392.0,570.0
1868,2015,Luxembourg,0.0,0.0
1869,2015,Madagascar,10.0,34.0
1870,2015,Malawi,21962.0,25016.0
1871,2015,Malaysia,95156.0,214006.0
1872,2015,Mali,19736.0,19778.0
1873,2015,Malta,0.0,0.0
1874,2015,Mauritania,57206.0,46576.0
1875,2015,Mexico,0.0,0.0
1876,2015,Micronesia (Federated States of),0.0,28.0
1877,2015,Monaco,0.0,0.0
1878,2015,Mongolia,4.0,22.0
1879,2015,Montenegro,12569.0,12640.0
1880,2015,Morocco,4272.0,6674.0
1881,2015,Mozambique,15308.0,25584.0
1882,2015,Myanmar,224448.0,207731.0
1883,2015,Namibia,2428.0,3362.0
1884,2015,Nauru,0.0,0.0
1885,2015,Nepal,32579.0,33556.0
1886,2015,Netherlands,0.0,0.0
1887,2015,New Zealand,0.0,0.0
1888,2015,Nicaragua,420.0,500.0
1889,2015,Niger,61656.0,51356.0
1890,2015,Nigeria,1406.0,2155.0
1891,2015,Norway,0.0,0.0
1892,2015,Oman,460.0,410.0
1893,2015,Pakistan,3150494.0,3630206.0
1894,2015,Panama,17044.0,23472.0
1895,2015,Papua New Guinea,0.0,0.0
1896,2015,Paraguay,152.0,266.0
1897,2015,Peru,0.0,0.0
1898,2015,Philippines,7382.0,7436.0
1899,2015,Poland,1672.0,1860.0
1900,2015,Portugal,0.0,0.0
1901,2015,Qatar,240.0,236.0
1902,2015,Rep. of Korea,2446.0,11340.0
1903,2015,Rep. of Moldova,2776.0,2392.0
1904,2015,Romania,1684.0,3992.0
1905,2015,Russian Federation,0.0,0.0
1906,2015,Rwanda,161062.0,141282.0
1907,2015,Saint Lucia,0.0,2.0
1908,2015,Samoa,1.0,2.0
1909,2015,Saudi Arabia,144.0,170.0
1910,2015,Senegal,16994.0,18028.0
1911,2015,Serbia and Kosovo (S/RES/1244 (1999)),253906.0,246265.0
1912,2015,Sierra Leone,807.0,746.0
1913,2015,Singapore,1.0,0.0
1914,2015,Sint Maarten (Dutch part),3.0,16.0
1915,2015,Slovakia,1746.0,3456.0
1916,2015,Slovenia,200.0,598.0
1917,2015,Solomon Islands,1.0,2.0
1918,2015,Somalia,1174099.0,1139654.0
1919,2015,South Africa,0.0,0.0
1920,2015,South Sudan,269714.0,257996.0
1921,2015,Spain,0.0,0.0
1922,2015,Sri Lanka,1725.0,2082.0
1923,2015,Sudan,237987.0,219318.0
1924,2015,Suriname,0.0,10.0
1925,2015,Swaziland,780.0,1168.0
1926,2015,Sweden,0.0,0.0
1927,2015,Switzerland,31207.0,60549.0
1928,2015,Syrian Arab Rep.,30849.0,28986.0
1929,2015,Tajikistan,12.0,24.0
1930,2015,Thailand,116732.0,117208.0
1931,2015,The former Yugoslav Republic of Macedonia,1386.0,1361.0
1932,2015,Timor-Leste,1.0,10.0
1933,2015,Togo,25222.0,20188.0
1934,2015,Trinidad and Tobago,106.0,296.0
1935,2015,Tunisia,563.0,923.0
1936,2015,Turkey,193824.0,305994.0
1937,2015,Turkmenistan,7857.0,6435.0
1938,2015,Turks and Caicos Islands,1.0,3.0
1939,2015,Uganda,697154.0,688778.0
1940,2015,Ukraine,0.0,0.0
1941,2015,United Arab Emirates,1096.0,1069.0
1942,2015,United Kingdom,0.0,0.0
1943,2015,United Rep. of Tanzania,390118.0,375122.0
1944,2015,United States of America,0.0,0.0
1945,2015,Uruguay,286.0,474.0
1946,2015,Uzbekistan,86.0,125.0
1947,2015,Vanuatu,1.0,0.0
1948,2015,Venezuela (Bolivarian Republic of),6369.0,7441.0
1949,2015,Viet Nam,0.0,0.0
1950,2015,Yemen,2956392.0,2661784.0
1951,2015,Zambia,49334.0,55024.0
1952,2015,Zimbabwe,9838.0,11348.0
1953,2016,Afghanistan,1149542.0,1194706.0
1954,2016,Albania,3881.0,3924.0
1955,2016,Algeria,2196.0,3743.0
1956,2016,Anguilla,0.0,0.0
1957,2016,Antigua and Barbuda,0.0,0.0
1958,2016,Argentina,2182.0,5283.0
1959,2016,Armenia,1737.0,1656.0
1960,2016,Aruba,0.0,0.0
1961,2016,Azerbaijan,533.0,748.0
1962,2016,Bahamas,7.0,24.0
1963,2016,Bahrain,178.0,204.0
1964,2016,Bangladesh,17595.0,15605.0
1965,2016,Barbados,0.0,0.0
1966,2016,Belarus,168.0,344.0
1967,2016,Benin,478.0,557.0
1968,2016,Bosnia and Herzegovina,3070.0,2303.0
1969,2016,Botswana,1074.0,1758.0
1970,2016,Brazil,8933.0,30599.0
1971,2016,Burkina Faso,16727.0,15946.0
1972,2016,Burundi,32213.0,30498.0
1973,2016,Cambodia,69.0,174.0
1974,2016,Cameroon,309614.0,286111.0
1975,2016,Canada,8984.0,14947.0
1976,2016,Cayman Islands,6.0,12.0
1977,2016,Central African Rep.,6373.0,6046.0
1978,2016,Chad,308913.0,245334.0
1979,2016,Chile,862.0,1109.0
1980,2016,China,262.0,532.0
1981,2016,"China, Hong Kong SAR",45.0,66.0
1982,2016,"China, Macao SAR",0.0,0.0
1983,2016,Colombia,188.0,346.0
1984,2016,Congo,35944.0,35649.0
1985,2016,Costa Rica,67.0,65.0
1986,2016,Croatia,192.0,626.0
1987,2016,Cuba,58.0,267.0
1988,2016,Curaçao,55.0,56.0
1989,2016,Côte d'Ivoire,843.0,958.0
1990,2016,Dem. Rep. of the Congo,1728606.0,1590365.0
1991,2016,Djibouti,12657.0,13205.0
1992,2016,Dominican Rep.,686.0,702.0
1993,2016,Ecuador,28636.0,31888.0
1994,2016,Egypt,127052.0,136372.0
1995,2016,El Salvador,19.0,27.0
1996,2016,Eritrea,1108.0,1258.0
1997,2016,Ethiopia,362399.0,319212.0
1998,2016,Fiji,6.0,6.0
1999,2016,Gabon,1131.0,1661.0
2000,2016,Gambia,4080.0,3860.0
2001,2016,Georgia,147505.0,129275.0
2002,2016,Germany,421974.0,846871.0
2003,2016,Ghana,6306.0,6930.0
2004,2016,Grenada,0.0,0.0
2005,2016,Guatemala,144.0,158.0
2006,2016,Guinea,2580.0,2596.0
2007,2016,Guinea-Bissau,4697.0,4019.0
2008,2016,Guyana,7.0,0.0
2009,2016,Haiti,1119.0,1190.0
2010,2016,Honduras,89315.0,84711.0
2011,2016,India,16178.0,17635.0
2012,2016,Indonesia,3816.0,10579.0
2013,2016,Iran (Islamic Rep. of),14161.0,14719.0
2014,2016,Iraq,128309.0,148192.0
2015,2016,Ireland,3576.0,6166.0
2016,2016,Jamaica,6.0,18.0
2017,2016,Jordan,362731.0,358081.0
2018,2016,Kazakhstan,339.0,432.0
2019,2016,Kenya,244109.0,250753.0
2020,2016,Kuwait,780.0,849.0
2021,2016,Kyrgyzstan,211.0,248.0
2022,2016,Lebanon,538850.0,492453.0
2023,2016,Lesotho,16.0,32.0
2024,2016,Liberia,9607.0,9400.0
2025,2016,Libya,15986.0,22561.0
2026,2016,Madagascar,16.0,39.0
2027,2016,Malawi,14418.0,15997.0
2028,2016,Malaysia,48263.0,100311.0
2029,2016,Mali,13444.0,13097.0
2030,2016,Mauritania,25997.0,22738.0
2031,2016,Mauritius,0.0,0.0
2032,2016,Micronesia (Federated States of),0.0,0.0
2033,2016,Mongolia,6.0,7.0
2034,2016,Montenegro,423.0,598.0
2035,2016,Morocco,2555.0,4178.0
2036,2016,Mozambique,7258.0,10389.0
2037,2016,Myanmar,113526.0,106031.0
2038,2016,Namibia,1475.0,2011.0
2039,2016,Nepal,13434.0,12736.0
2040,2016,Nicaragua,301.0,366.0
2041,2016,Niger,152714.0,149513.0
2042,2016,Nigeria,686.0,1147.0
2043,2016,Oman,349.0,334.0
2044,2016,Pakistan,1173026.0,1337716.0
2045,2016,Palau,0.0,0.0
2046,2016,Panama,9259.0,12564.0
2047,2016,Philippines,2633.0,2665.0
2048,2016,Poland,957.0,989.0
2049,2016,Qatar,160.0,159.0
2050,2016,Rep. of Korea,1766.0,6872.0
2051,2016,Rep. of Moldova,175.0,342.0
2052,2016,Romania,968.0,1937.0
2053,2016,Rwanda,84947.0,78616.0
2054,2016,Saint Lucia,0.0,0.0
2055,2016,Samoa,0.0,0.0
2056,2016,Saudi Arabia,86.0,104.0
2057,2016,Senegal,8604.0,9199.0
2058,2016,Serbia and Kosovo (S/RES/1244 (1999)),121678.0,120458.0
2059,2016,Seychelles,0.0,0.0
2060,2016,Sierra Leone,355.0,335.0
2061,2016,Singapore,0.0,0.0
2062,2016,Sint Maarten (Dutch part),0.0,7.0
2063,2016,Slovakia,870.0,1726.0
2064,2016,Slovenia,218.0,566.0
2065,2016,Somalia,757549.0,865629.0
2066,2016,South Sudan,137630.0,126722.0
2067,2016,Sri Lanka,950.0,1126.0
2068,2016,Sudan,123378.0,114553.0
2069,2016,Suriname,17.0,31.0
2070,2016,Swaziland,423.0,697.0
2071,2016,Switzerland,25309.0,42368.0
2072,2016,Syrian Arab Rep.,16628.0,15674.0
2073,2016,Tajikistan,10423.0,5820.0
2074,2016,Thailand,55790.0,55928.0
2075,2016,The former Yugoslav Republic of Macedonia,595.0,635.0
2076,2016,Timor-Leste,0.0,0.0
2077,2016,Togo,7217.0,6062.0
2078,2016,Trinidad and Tobago,98.0,228.0
2079,2016,Tunisia,250.0,407.0
2080,2016,Turkey,113728.0,177644.0
2081,2016,Turkmenistan,14.0,13.0
2082,2016,Turks and Caicos Islands,0.0,0.0
2083,2016,Uganda,488587.0,467578.0
2084,2016,United Arab Emirates,750.0,757.0
2085,2016,United Rep. of Tanzania,228890.0,229932.0
2086,2016,Uruguay,235.0,448.0
2087,2016,Uzbekistan,10.0,17.0
2088,2016,Venezuela (Bolivarian Republic of),4195.0,5424.0
2089,2016,Yemen,1643680.0,1634329.0
2090,2016,Zambia,26826.0,30381.0
2091,2016,Zimbabwe,4024.0,4478.0
